name,freq
Aaren,17
Aarika,29
Abagael,16
Abagail,13
Abbe,15
Abbey,23
Abbi,18
Abbie,10
Abby,27
Abbye,25
Abigael,20
Abigail,21
Abigale,21
Abra,31
Ada,11
Adah,28
Adaline,30
Adan,23
Adara,20
Adda,25
Addi,33
Addia,27
Addie,22
Addy,22
Adel,27
Adela,23
Adelaida,18
Adelaide,23
Adele,14
Adelheid,15
Adelice,21
Adelina,27
Adelind,16
Adeline,18
Adella,21
Adelle,19
Adena,21
Adey,16
Adi,20
Adiana,23
Adina,25
Adora,13
Adore,20
Adoree,29
Adorne,24
Adrea,16
Adria,27
Adriaens,32
Adrian,24
Adriana,27
Adriane,17
Adrianna,27
Adrianne,22
Adriena,25
Adrienne,19
Aeriel,28
Aeriela,25
Aeriell,15
Afton,21
Ag,20
Agace,36
Agata,20
Agatha,17
Agathe,19
Aggi,26
Aggie,24
Aggy,22
Agna,24
Agnella,29
Agnes,17
Agnese,25
Agnesse,5
Agneta,17
Agnola,26
Agretha,25
Aida,17
Aidan,16
Aigneis,6
Aila,21
Aile,24
Ailee,18
Aileen,32
Ailene,22
Ailey,37
Aili,24
Ailina,23
Ailis,21
Ailsun,21
Ailyn,21
Aime,14
Aimee,28
Aimil,22
Aindrea,24
Ainslee,9
Ainsley,26
Ainslie,20
Ajay,23
Alaine,20
Alameda,36
Alana,12
Alanah,24
Alane,29
Alanna,33
Alayne,21
Alberta,9
Albertina,18
Albertine,15
Albina,18
Alecia,15
Aleda,27
Aleece,19
Aleen,16
Alejandra,14
Alejandrina,16
Alena,19
Alene,23
Alessandra,24
Aleta,24
Alethea,16
Alex,30
Alexa,22
Alexandra,18
Alexandrina,19
Alexi,21
Alexia,19
Alexina,21
Alexine,28
Alexis,19
Alfi,25
Alfie,25
Alfreda,16
Alfy,23
Ali,24
Alia,23
Alica,25
Alice,22
Alicea,22
Alicia,19
Alida,26
Alidia,22
Alie,17
Alika,22
Alikee,16
Alina,15
Aline,15
Alis,22
Alisa,26
Alisha,21
Alison,17
Alissa,18
Alisun,29
Alix,20
Aliza,34
Alla,31
Alleen,14
Allegra,22
Allene,21
Alli,16
Allianora,21
Allie,24
Allina,20
Allis,31
Allison,25
Allissa,21
Allix,24
Allsun,4
Allx,17
Ally,16
Allyce,25
Allyn,28
Allys,20
Allyson,23
Alma,19
Almeda,13
Almeria,18
Almeta,19
Almira,22
Almire,15
Aloise,27
Aloisia,21
Aloysia,16
Alta,18
Althea,22
Alvera,35
Alverta,23
Alvina,27
Alvinia,23
Alvira,25
Alyce,30
Alyda,32
Alys,15
Alysa,18
Alyse,17
Alysia,18
Alyson,27
Alyss,35
Alyssa,35
Amabel,26
Amabelle,15
Amalea,26
Amalee,20
Amaleta,20
Amalia,17
Amalie,21
Amalita,23
Amalle,24
Amanda,27
Amandi,21
Amandie,22
Amandy,33
Amara,25
Amargo,22
Amata,29
Amber,36
Amberly,14
Ambur,25
Ame,12
Amelia,12
Amelie,15
Amelina,17
Ameline,24
Amelita,17
Ami,11
Amie,17
Amii,14
Amil,19
Amitie,16
Amity,25
Ammamaria,17
Amy,30
Amye,32
Ana,26
Anabal,21
Anabel,20
Anabella,25
Anabelle,11
Analiese,23
Analise,12
Anallese,17
Anallise,10
Anastasia,12
Anastasie,17
Anastassia,34
Anatola,12
Andee,16
Andeee,13
Anderea,33
Andi,23
Andie,22
Andra,16
Andrea,19
Andreana,25
Andree,26
Andrei,21
Andria,18
Andriana,17
Andriette,17
Andromache,16
Andy,29
Anestassia,20
Anet,17
Anett,15
Anetta,26
Anette,16
Ange,16
Angel,22
Angela,22
Angele,24
Angelia,24
Angelica,21
Angelika,21
Angelina,11
Angeline,18
Angelique,20
Angelita,15
Angelle,19
Angie,18
Angil,16
Angy,11
Ania,19
Anica,22
Anissa,23
Anita,24
Anitra,20
Anjanette,24
Anjela,23
Ann,16
Ann-marie,22
Anna,23
Anna-diana,22
Anna-diane,17
Anna-maria,21
Annabal,28
Annabel,20
Annabela,18
Annabell,18
Annabella,17
Annabelle,13
Annadiana,17
Annadiane,16
Annalee,34
Annaliese,21
Annalise,24
Annamaria,16
Annamarie,18
Anne,15
Anne-corinne,10
Anne-marie,19
Annecorinne,24
Anneliese,19
Annelise,25
Annemarie,22
Annetta,10
Annette,29
Anni,18
Annice,19
Annie,21
Annis,7
Annissa,27
Annmaria,15
Annmarie,25
Annnora,15
Annora,25
Anny,18
Anselma,19
Ansley,26
Anstice,21
Anthe,20
Anthea,21
Anthia,15
Anthiathia,17
Antoinette,24
Antonella,18
Antonetta,16
Antonia,26
Antonie,20
Antonietta,11
Antonina,27
Anya,21
Appolonia,31
April,28
Aprilette,14
Ara,7
Arabel,20
Arabela,25
Arabele,18
Arabella,25
Arabelle,12
Arda,18
Ardath,13
Ardeen,15
Ardelia,25
Ardelis,30
Ardella,20
Ardelle,27
Arden,19
Ardene,27
Ardenia,15
Ardine,18
Ardis,24
Ardisj,21
Ardith,28
Ardra,18
Ardyce,17
Ardys,13
Ardyth,35
Aretha,28
Ariadne,18
Ariana,14
Aridatha,32
Ariel,19
Ariela,19
Ariella,25
Arielle,10
Arlana,15
Arlee,20
Arleen,14
Arlen,12
Arlena,23
Arlene,25
Arleta,22
Arlette,23
Arleyne,15
Arlie,17
Arliene,21
Arlina,29
Arlinda,13
Arline,27
Arluene,23
Arly,13
Arlyn,16
Arlyne,27
Aryn,24
Ashely,22
Ashia,21
Ashien,17
Ashil,9
Ashla,25
Ashlan,25
Ashlee,14
Ashleigh,28
Ashlen,12
Ashley,16
Ashli,23
Ashlie,25
Ashly,24
Asia,16
Astra,38
Astrid,18
Astrix,37
Atalanta,18
Athena,14
Athene,17
Atlanta,17
Atlante,22
Auberta,28
Aubine,26
Aubree,20
Aubrette,23
Aubrey,27
Aubrie,12
Aubry,26
Audi,28
Audie,20
Audra,18
Audre,26
Audrey,21
Audrie,21
Audry,9
Audrye,11
Audy,24
Augusta,15
Auguste,19
Augustina,19
Augustine,28
Aundrea,17
Aura,22
Aurea,22
Aurel,26
Aurelea,20
Aurelia,20
Aurelie,16
Auria,27
Aurie,26
Aurilia,22
Aurlie,23
Auroora,25
Aurora,19
Aurore,22
Austin,22
Austina,24
Austine,27
Ava,31
Aveline,26
Averil,25
Averyl,21
Avie,25
Avis,26
Aviva,15
Avivah,25
Avril,22
Avrit,19
Ayn,19
Bab,19
Babara,21
Babb,31
Babbette,19
Babbie,24
Babette,18
Babita,10
Babs,16
Bambi,22
Bambie,25
Bamby,19
Barb,18
Barbabra,17
Barbara,17
Barbara-anne,21
Barbaraanne,14
Barbe,30
Barbee,19
Barbette,10
Barbey,25
Barbi,29
Barbie,22
Barbra,20
Barby,15
Bari,28
Barrie,21
Barry,23
Basia,14
Bathsheba,17
Batsheva,26
Bea,21
Beatrice,29
Beatrisa,20
Beatrix,25
Beatriz,31
Bebe,18
Becca,16
Becka,17
Becki,30
Beckie,13
Becky,20
Bee,28
Beilul,18
Beitris,17
Bekki,26
Bel,32
Belia,23
Belicia,22
Belinda,21
Belita,19
Bell,25
Bella,16
Bellanca,29
Belle,21
Bellina,17
Belva,20
Belvia,33
Bendite,22
Benedetta,17
Benedicta,25
Benedikta,27
Benetta,18
Benita,29
Benni,26
Bennie,25
Benny,18
Benoite,24
Berenice,24
Beret,32
Berget,9
Berna,20
Bernadene,21
Bernadette,26
Bernadina,16
Bernadine,27
Bernardina,41
Bernardine,20
Bernelle,24
Bernete,25
Bernetta,12
Bernette,27
Berni,15
Bernice,11
Bernie,23
Bernita,34
Berny,22
Berri,33
Berrie,19
Berry,9
Bert,22
Berta,29
Berte,19
Bertha,18
Berthe,23
Berti,27
Bertie,29
Bertina,25
Bertine,21
Berty,14
Beryl,30
Beryle,9
Bess,29
Bessie,25
Bessy,27
Beth,21
Bethanne,24
Bethany,13
Bethena,27
Bethina,19
Betsey,31
Betsy,23
Betta,24
Bette,28
Bette-ann,13
Betteann,28
Betteanne,21
Betti,7
Bettina,18
Bettine,21
Betty,19
Bettye,30
Beulah,10
Bev,23
Beverie,18
Beverlee,25
Beverley,22
Beverlie,22
Beverly,12
Bevvy,29
Bianca,20
Bianka,8
Bibbie,18
Bibby,11
Bibbye,21
Bibi,12
Biddie,25
Biddy,26
Bidget,19
Bili,11
Bill,17
Billi,22
Billie,31
Billy,14
Billye,14
Binni,15
Binnie,24
Binny,24
Bird,24
Birdie,17
Birgit,10
Birgitta,19
Blair,19
Blaire,19
Blake,28
Blakelee,19
Blakeley,27
Blanca,15
Blanch,14
Blancha,29
Blanche,21
Blinni,17
Blinnie,17
Blinny,20
Bliss,23
Blisse,25
Blithe,24
Blondell,23
Blondelle,22
Blondie,16
Blondy,15
Blythe,14
Bobbe,15
Bobbee,21
Bobbette,26
Bobbi,22
Bobbie,21
Bobby,15
Bobbye,16
Bobette,15
Bobina,15
Bobine,20
Bobinette,27
Bonita,26
Bonnee,32
Bonni,17
Bonnibelle,20
Bonnie,24
Bonny,19
Brana,14
Brandais,26
Brande,26
Brandea,30
Brandi,27
Brandice,11
Brandie,22
Brandise,1
Brandy,18
Breanne,22
Brear,15
Bree,27
Breena,25
Bren,32
Brena,23
Brenda,26
Brenn,25
Brenna,18
Brett,16
Bria,27
Briana,27
Brianna,21
Brianne,24
Bride,25
Bridget,20
Bridgette,24
Bridie,24
Brier,30
Brietta,24
Brigid,23
Brigida,20
Brigit,19
Brigitta,16
Brigitte,14
Brina,13
Briney,21
Brinn,24
Brinna,16
Briny,25
Brit,25
Brita,19
Britney,26
Britni,16
Britt,21
Britta,23
Brittan,21
Brittaney,25
Brittani,27
Brittany,21
Britte,22
Britteny,30
Brittne,16
Brittney,15
Brittni,13
Brook,30
Brooke,13
Brooks,15
Brunhilda,20
Brunhilde,13
Bryana,34
Bryn,19
Bryna,14
Brynn,23
Brynna,18
Brynne,22
Buffy,24
Bunni,21
Bunnie,17
Bunny,19
Cacilia,17
Cacilie,16
Cahra,22
Cairistiona,20
Caitlin,25
Caitrin,34
Cal,9
Calida,16
Calla,25
Calley,23
Calli,18
Callida,23
Callie,13
Cally,22
Calypso,12
Cam,9
Camala,14
Camel,27
Camella,26
Camellia,17
Cami,15
Camila,17
Camile,17
Camilla,18
Camille,27
Cammi,17
Cammie,25
Cammy,27
Candace,25
Candi,14
Candice,20
Candida,22
Candide,9
Candie,20
Candis,24
Candra,21
Candy,23
Caprice,19
Cara,17
Caralie,24
Caren,26
Carena,23
Caresa,23
Caressa,27
Caresse,27
Carey,29
Cari,14
Caria,18
Carie,27
Caril,18
Carilyn,27
Carin,31
Carina,16
Carine,9
Cariotta,15
Carissa,25
Carita,16
Caritta,14
Carla,26
Carlee,31
Carleen,16
Carlen,34
Carlene,26
Carley,20
Carlie,20
Carlin,24
Carlina,25
Carline,34
Carlita,23
Carlota,20
Carlotta,26
Carly,28
Carlye,25
Carlyn,25
Carlynn,21
Carlynne,24
Carma,20
Carmel,29
Carmela,19
Carmelia,15
Carmelina,32
Carmelita,23
Carmella,28
Carmelle,17
Carmen,23
Carmencita,10
Carmina,23
Carmine,14
Carmita,10
Carmon,27
Caro,23
Carol,13
Carol-jean,15
Carola,14
Carolan,19
Carolann,30
Carole,24
Carolee,25
Carolin,27
Carolina,18
Caroline,20
Caroljean,20
Carolyn,19
Carolyne,19
Carolynn,21
Caron,16
Carree,14
Carri,15
Carrie,24
Carrissa,13
Carroll,12
Carry,22
Cary,30
Caryl,16
Caryn,28
Casandra,32
Casey,31
Casi,29
Casie,16
Cass,24
Cassandra,19
Cassandre,27
Cassandry,21
Cassaundra,18
Cassey,16
Cassi,22
Cassie,24
Cassondra,26
Cassy,25
Catarina,14
Cate,10
Caterina,22
Catha,26
Catharina,22
Catharine,16
Cathe,20
Cathee,22
Catherin,35
Catherina,22
Catherine,19
Cathi,26
Cathie,20
Cathleen,29
Cathlene,28
Cathrin,19
Cathrine,24
Cathryn,10
Cathy,22
Cathyleen,40
Cati,24
Catie,20
Catina,26
Catlaina,13
Catlee,24
Catlin,27
Catrina,30
Catriona,22
Caty,23
Caye,15
Cayla,39
Cecelia,16
Cecil,28
Cecile,21
Ceciley,23
Cecilia,20
Cecilla,14
Cecily,22
Ceil,22
Cele,19
Celene,17
Celesta,18
Celeste,24
Celestia,29
Celestina,11
Celestine,18
Celestyn,19
Celestyna,14
Celia,14
Celie,33
Celina,25
Celinda,15
Celine,24
Celinka,21
Celisse,35
Celka,15
Celle,17
Cesya,26
Chad,27
Chanda,12
Chandal,22
Chandra,28
Channa,25
Chantal,8
Chantalle,13
Charil,12
Charin,25
Charis,18
Charissa,11
Charisse,19
Charita,20
Charity,7
Charla,17
Charlean,22
Charleen,16
Charlena,22
Charlene,24
Charline,14
Charlot,16
Charlotta,31
Charlotte,23
Charmain,20
Charmaine,15
Charmane,28
Charmian,19
Charmine,36
Charmion,20
Charo,28
Charyl,25
Chastity,24
Chelsae,26
Chelsea,19
Chelsey,17
Chelsie,14
Chelsy,16
Cher,16
Chere,34
Cherey,16
Cheri,17
Cherianne,22
Cherice,18
Cherida,16
Cherie,25
Cherilyn,22
Cherilynn,21
Cherin,23
Cherise,20
Cherish,31
Cherlyn,20
Cherri,18
Cherrita,13
Cherry,15
Chery,23
Cherye,19
Cheryl,11
Cheslie,22
Chiarra,32
Chickie,24
Chicky,31
Chiquia,19
Chiquita,17
Chlo,21
Chloe,20
Chloette,26
Chloris,15
Chris,22
Chrissie,33
Chrissy,38
Christa,29
Christabel,21
Christabella,14
Christal,19
Christalle,23
Christan,22
Christean,21
Christel,15
Christen,19
Christi,10
Christian,24
Christiana,17
Christiane,36
Christie,24
Christin,24
Christina,21
Christine,17
Christy,20
Christye,26
Christyna,32
Chrysa,17
Chrysler,23
Chrystal,21
Chryste,13
Chrystel,22
Cicely,15
Cicily,19
Ciel,21
Cilka,20
Cinda,28
Cindee,22
Cindelyn,30
Cinderella,24
Cindi,28
Cindie,28
Cindra,21
Cindy,28
Cinnamon,26
Cissiee,14
Cissy,30
Clair,14
Claire,15
Clara,26
Clarabelle,26
Clare,22
Claresta,22
Clareta,18
Claretta,28
Clarette,26
Clarey,25
Clari,20
Claribel,17
Clarice,16
Clarie,14
Clarinda,21
Clarine,18
Clarissa,29
Clarisse,17
Clarita,25
Clary,23
Claude,12
Claudelle,18
Claudetta,23
Claudette,35
Claudia,27
Claudie,22
Claudina,22
Claudine,10
Clea,23
Clem,37
Clemence,23
Clementia,16
Clementina,13
Clementine,18
Clemmie,22
Clemmy,19
Cleo,24
Cleopatra,27
Clerissa,15
Clio,16
Clo,29
Cloe,14
Cloris,26
Clotilda,20
Clovis,35
Codee,24
Codi,31
Codie,24
Cody,38
Coleen,8
Colene,19
Coletta,12
Colette,37
Colleen,24
Collen,15
Collete,24
Collette,22
Collie,14
Colline,19
Colly,18
Con,27
Concettina,25
Conchita,12
Concordia,9
Conni,26
Connie,22
Conny,23
Consolata,19
Constance,25
Constancia,25
Constancy,36
Constanta,18
Constantia,33
Constantina,23
Constantine,21
Consuela,15
Consuelo,24
Cookie,22
Cora,19
Corabel,23
Corabella,27
Corabelle,27
Coral,20
Coralie,28
Coraline,16
Coralyn,16
Cordelia,24
Cordelie,24
Cordey,22
Cordi,37
Cordie,21
Cordula,22
Cordy,22
Coreen,22
Corella,19
Corena,14
Corenda,20
Corene,14
Coretta,19
Corette,22
Corey,13
Cori,28
Corie,28
Corilla,15
Corina,30
Corine,20
Corinna,18
Corinne,22
Coriss,30
Corissa,23
Corliss,26
Corly,29
Cornela,26
Cornelia,15
Cornelle,27
Cornie,17
Corny,30
Correna,23
Correy,20
Corri,15
Corrianne,19
Corrie,28
Corrina,27
Corrine,26
Corrinne,20
Corry,27
Cortney,13
Cory,21
Cosetta,23
Cosette,22
Costanza,22
Courtenay,23
Courtnay,22
Courtney,35
Crin,23
Cris,26
Crissie,34
Crissy,27
Crista,16
Cristabel,30
Cristal,20
Cristen,21
Cristi,20
Cristie,19
Cristin,15
Cristina,20
Cristine,15
Cristionna,30
Cristy,26
Crysta,20
Crystal,19
Crystie,16
Cthrine,13
Cyb,20
Cybil,28
Cybill,27
Cymbre,19
Cynde,28
Cyndi,12
Cyndia,24
Cyndie,15
Cyndy,29
Cynthea,32
Cynthia,26
Cynthie,21
Cynthy,14
Dacey,18
Dacia,14
Dacie,24
Dacy,23
Dael,15
Daffi,19
Daffie,14
Daffy,26
Dagmar,24
Dahlia,28
Daile,27
Daisey,18
Daisi,26
Daisie,14
Daisy,32
Dale,12
Dalenna,31
Dalia,19
Dalila,24
Dallas,15
Daloris,16
Damara,16
Damaris,16
Damita,22
Dana,27
Danell,13
Danella,14
Danette,28
Dani,29
Dania,22
Danica,29
Danice,18
Daniela,16
Daniele,24
Daniella,18
Danielle,21
Danika,22
Danila,26
Danit,28
Danita,20
Danna,17
Danni,27
Dannie,26
Danny,29
Dannye,34
Danya,23
Danyelle,27
Danyette,32
Daphene,16
Daphna,22
Daphne,15
Dara,11
Darb,19
Darbie,17
Darby,20
Darcee,25
Darcey,13
Darci,25
Darcie,19
Darcy,26
Darda,27
Dareen,27
Darell,26
Darelle,23
Dari,14
Daria,22
Darice,16
Darla,28
Darleen,18
Darlene,18
Darline,23
Darlleen,21
Daron,19
Darrelle,28
Darryl,20
Darsey,33
Darsie,23
Darya,20
Daryl,20
Daryn,27
Dasha,26
Dasi,24
Dasie,25
Dasya,20
Datha,19
Daune,20
Daveen,22
Daveta,21
Davida,28
Davina,20
Davine,10
Davita,20
Dawn,15
Dawna,24
Dayle,22
Dayna,19
Ddene,30
De,12
Deana,24
Deane,14
Deanna,14
Deanne,12
Deb,26
Debbi,33
Debbie,17
Debby,9
Debee,14
Debera,20
Debi,14
Debor,19
Debora,19
Deborah,18
Debra,18
Dede,25
Dedie,24
Dedra,14
Dee,23
Dee dee,23
Deeann,14
Deeanne,19
Deedee,20
Deena,26
Deerdre,21
Deeyn,21
Dehlia,27
Deidre,20
Deina,33
Deirdre,30
Del,16
Dela,24
Delcina,20
Delcine,19
Delia,18
Delila,15
Delilah,13
Delinda,32
Dell,19
Della,37
Delly,22
Delora,17
Delores,28
Deloria,14
Deloris,29
Delphine,21
Delphinia,27
Demeter,25
Demetra,26
Demetria,23
Demetris,21
Dena,31
Deni,14
Denice,22
Denise,23
Denna,7
Denni,19
Dennie,16
Denny,26
Deny,14
Denys,10
Denyse,21
Deonne,27
Desdemona,21
Desirae,22
Desiree,11
Desiri,18
Deva,30
Devan,18
Devi,22
Devin,19
Devina,28
Devinne,24
Devon,26
Devondra,21
Devonna,23
Devonne,28
Devora,22
Di,29
Diahann,10
Dian,21
Diana,20
Diandra,16
Diane,27
Diane-marie,19
Dianemarie,25
Diann,17
Dianna,35
Dianne,15
Diannne,15
Didi,13
Dido,16
Diena,14
Dierdre,21
Dina,19
Dinah,19
Dinnie,24
Dinny,14
Dion,28
Dione,29
Dionis,29
Dionne,11
Dita,28
Dix,22
Dixie,25
Dniren,15
Dode,17
Dodi,26
Dodie,22
Dody,27
Doe,12
Doll,12
Dolley,25
Dolli,41
Dollie,11
Dolly,19
Dolores,22
Dolorita,16
Doloritas,29
Domeniga,14
Dominga,16
Domini,15
Dominica,18
Dominique,19
Dona,16
Donella,13
Donelle,34
Donetta,30
Donia,16
Donica,19
Donielle,16
Donna,27
Donnajean,24
Donnamarie,19
Donni,30
Donnie,26
Donny,6
Dora,33
Doralia,20
Doralin,23
Doralyn,24
Doralynn,24
Doralynne,30
Dore,27
Doreen,21
Dorelia,25
Dorella,17
Dorelle,9
Dorena,27
Dorene,17
Doretta,23
Dorette,15
Dorey,25
Dori,25
Doria,20
Dorian,21
Dorice,18
Dorie,13
Dorine,23
Doris,21
Dorisa,29
Dorise,16
Dorita,23
Doro,12
Dorolice,21
Dorolisa,19
Dorotea,20
Doroteya,22
Dorothea,18
Dorothee,15
Dorothy,10
Dorree,19
Dorri,37
Dorrie,26
Dorris,28
Dorry,15
Dorthea,25
Dorthy,31
Dory,27
Dosi,15
Dot,24
Doti,28
Dotti,28
Dottie,14
Dotty,27
Dre,12
Dreddy,21
Dredi,20
Drona,28
Dru,16
Druci,21
Drucie,33
Drucill,34
Drucy,26
Drusi,12
Drusie,23
Drusilla,23
Drusy,24
Dulce,13
Dulcea,10
Dulci,19
Dulcia,19
Dulciana,19
Dulcie,24
Dulcine,15
Dulcinea,12
Dulcy,23
Dulsea,24
Dusty,25
Dyan,20
Dyana,10
Dyane,22
Dyann,21
Dyanna,13
Dyanne,25
Dyna,27
Dynah,25
Eachelle,21
Eada,26
Eadie,14
Eadith,20
Ealasaid,25
Eartha,27
Easter,21
Eba,22
Ebba,22
Ebonee,23
Ebony,30
Eda,19
Eddi,22
Eddie,28
Eddy,17
Ede,17
Edee,11
Edeline,29
Eden,17
Edi,16
Edie,17
Edin,32
Edita,19
Edith,25
Editha,15
Edithe,17
Ediva,20
Edna,20
Edwina,13
Edy,24
Edyth,29
Edythe,22
Effie,28
Eileen,24
Eilis,30
Eimile,20
Eirena,11
Ekaterina,20
Elaina,27
Elaine,21
Elana,22
Elane,36
Elayne,30
Elberta,20
Elbertina,32
Elbertine,16
Eleanor,13
Eleanora,29
Eleanore,29
Electra,12
Eleen,27
Elena,32
Elene,27
Eleni,21
Elenore,17
Eleonora,23
Eleonore,20
Elfie,22
Elfreda,21
Elfrida,21
Elfrieda,14
Elga,25
Elianora,16
Elianore,24
Elicia,18
Elie,30
Elinor,25
Elinore,19
Elisa,15
Elisabet,15
Elisabeth,16
Elisabetta,28
Elise,16
Elisha,21
Elissa,27
Elita,18
Eliza,26
Elizabet,16
Elizabeth,19
Elka,26
Elke,18
Ella,17
Elladine,17
Elle,18
Ellen,19
Ellene,21
Ellette,20
Elli,28
Ellie,13
Ellissa,20
Elly,19
Ellyn,21
Ellynn,29
Elmira,27
Elna,36
Elnora,21
Elnore,25
Eloisa,29
Eloise,15
Elonore,20
Elora,17
Elsa,23
Elsbeth,11
Else,27
Elset,22
Elsey,14
Elsi,24
Elsie,13
Elsinore,20
Elspeth,16
Elsy,36
Elva,24
Elvera,20
Elvina,8
Elvira,22
Elwira,22
Elyn,16
Elyse,20
Elysee,29
Elysha,15
Elysia,15
Elyssa,22
Em,17
Ema,25
Emalee,8
Emalia,17
Emelda,36
Emelia,25
Emelina,19
Emeline,22
Emelita,32
Emelyne,23
Emera,28
Emilee,24
Emili,22
Emilia,18
Emilie,15
Emiline,17
Emily,27
Emlyn,22
Emlynn,15
Emlynne,19
Emma,25
Emmalee,17
Emmaline,11
Emmalyn,27
Emmalynn,19
Emmalynne,18
Emmeline,11
Emmey,27
Emmi,25
Emmie,20
Emmy,18
Emmye,14
Emogene,17
Emyle,28
Emylee,35
Engracia,26
Enid,27
Enrica,24
Enrichetta,22
Enrika,29
Enriqueta,30
Eolanda,17
Eolande,17
Eran,18
Erda,7
Erena,23
Erica,21
Ericha,17
Ericka,18
Erika,15
Erin,25
Erina,21
Erinn,23
Erinna,28
Erma,24
Ermengarde,9
Ermentrude,16
Ermina,20
Erminia,30
Erminie,18
Erna,12
Ernaline,27
Ernesta,26
Ernestine,22
Ertha,22
Eryn,32
Esma,17
Esmaria,22
Esme,13
Esmeralda,26
Essa,21
Essie,28
Essy,19
Esta,27
Estel,28
Estele,17
Estell,20
Estella,13
Estelle,14
Ester,21
Esther,39
Estrella,22
Estrellita,23
Ethel,10
Ethelda,16
Ethelin,17
Ethelind,17
Etheline,25
Ethelyn,22
Ethyl,22
Etta,27
Etti,24
Ettie,23
Etty,33
Eudora,25
Eugenia,22
Eugenie,22
Eugine,20
Eula,25
Eulalie,31
Eunice,19
Euphemia,14
Eustacia,22
Eva,19
Evaleen,18
Evangelia,18
Evangelin,25
Evangelina,19
Evangeline,18
Evania,21
Evanne,22
Eve,20
Eveleen,27
Evelina,13
Eveline,33
Evelyn,13
Evey,21
Evie,24
Evita,26
Evonne,27
Evvie,24
Evvy,17
Evy,24
Eyde,33
Eydie,19
Ezmeralda,25
Fae,20
Faina,30
Faith,27
Fallon,24
Fan,17
Fanchette,27
Fanchon,23
Fancie,13
Fancy,19
Fanechka,20
Fania,15
Fanni,23
Fannie,23
Fanny,21
Fanya,17
Fara,16
Farah,15
Farand,21
Farica,22
Farra,29
Farrah,18
Farrand,25
Faun,26
Faunie,12
Faustina,24
Faustine,22
Fawn,30
Fawne,23
Fawnia,32
Fay,22
Faydra,22
Faye,23
Fayette,23
Fayina,22
Fayre,23
Fayth,15
Faythe,21
Federica,18
Fedora,22
Felecia,22
Felicdad,19
Felice,21
Felicia,20
Felicity,31
Felicle,9
Felipa,13
Felisha,30
Felita,25
Feliza,26
Fenelia,11
Feodora,19
Ferdinanda,20
Ferdinande,17
Fern,7
Fernanda,31
Fernande,19
Fernandina,28
Ferne,16
Fey,17
Fiann,20
Fianna,15
Fidela,9
Fidelia,26
Fidelity,23
Fifi,27
Fifine,19
Filia,28
Filide,27
Filippa,25
Fina,24
Fiona,17
Fionna,19
Fionnula,20
Fiorenze,15
Fleur,21
Fleurette,13
Flo,23
Flor,25
Flora,19
Florance,29
Flore,24
Florella,25
Florence,25
Florencia,34
Florentia,31
Florenza,21
Florette,20
Flori,8
Floria,20
Florida,17
Florie,29
Florina,24
Florinda,27
Floris,20
Florri,24
Florrie,12
Florry,21
Flory,20
Flossi,16
Flossie,14
Flossy,27
Flss,12
Fran,25
Francene,18
Frances,14
Francesca,21
Francine,13
Francisca,19
Franciska,24
Francoise,20
Francyne,29
Frank,20
Frankie,24
Franky,19
Franni,27
Frannie,14
Franny,14
Frayda,32
Fred,16
Freda,17
Freddi,19
Freddie,31
Freddy,19
Fredelia,36
Frederica,20
Fredericka,22
Frederique,10
Fredi,18
Fredia,27
Fredra,19
Fredrika,21
Freida,20
Frieda,26
Friederike,15
Fulvia,13
Gabbey,34
Gabbi,24
Gabbie,12
Gabey,20
Gabi,30
Gabie,31
Gabriel,14
Gabriela,25
Gabriell,37
Gabriella,24
Gabrielle,21
Gabriellia,16
Gabrila,27
Gaby,18
Gae,14
Gael,25
Gail,17
Gale,57
Galina,19
Garland,20
Garnet,24
Garnette,26
Gates,35
Gavra,22
Gavrielle,24
Gay,21
Gaye,10
Gayel,24
Gayla,23
Gayle,15
Gayleen,19
Gaylene,17
Gaynor,23
Gelya,21
Gena,32
Gene,21
Geneva,25
Genevieve,17
Genevra,25
Genia,30
Genna,32
Genni,24
Gennie,26
Gennifer,30
Genny,17
Genovera,13
Genvieve,16
George,20
Georgeanna,10
Georgeanne,24
Georgena,29
Georgeta,21
Georgetta,24
Georgette,17
Georgia,17
Georgiana,33
Georgianna,17
Georgianne,18
Georgie,13
Georgina,25
Georgine,26
Geralda,12
Geraldine,27
Gerda,23
Gerhardine,30
Geri,25
Gerianna,3
Gerianne,20
Gerladina,14
Germain,21
Germaine,36
Germana,14
Gerri,29
Gerrie,28
Gerrilee,25
Gerry,29
Gert,14
Gerta,13
Gerti,20
Gertie,21
Gertrud,33
Gertruda,21
Gertrude,33
Gertrudis,20
Gerty,18
Giacinta,16
Giana,19
Gianina,17
Gianna,30
Gigi,24
Gilberta,20
Gilberte,25
Gilbertina,32
Gilbertine,23
Gilda,14
Gilemette,21
Gill,23
Gillan,13
Gilli,26
Gillian,19
Gillie,4
Gilligan,23
Gilly,21
Gina,19
Ginelle,23
Ginevra,23
Ginger,18
Ginni,31
Ginnie,23
Ginnifer,25
Ginny,16
Giorgia,14
Giovanna,23
Gipsy,19
Giralda,17
Gisela,9
Gisele,21
Gisella,20
Giselle,29
Giuditta,17
Giulia,19
Giulietta,24
Giustina,24
Gizela,16
Glad,27
Gladi,28
Gladys,15
Gleda,11
Glen,16
Glenda,20
Glenine,23
Glenn,15
Glenna,16
Glennie,35
Glennis,19
Glori,25
Gloria,17
Gloriana,21
Gloriane,15
Glory,28
Glyn,19
Glynda,18
Glynis,22
Glynnis,27
Gnni,15
Godiva,38
Golda,28
Goldarina,33
Goldi,24
Goldia,16
Goldie,17
Goldina,18
Goldy,25
Grace,19
Gracia,15
Gracie,24
Grata,13
Gratia,23
Gratiana,22
Gray,16
Grayce,16
Grazia,19
Greer,25
Greta,14
Gretal,23
Gretchen,19
Grete,14
Gretel,29
Grethel,15
Gretna,30
Gretta,21
Grier,12
Griselda,17
Grissel,16
Guendolen,18
Guenevere,25
Guenna,17
Guglielma,25
Gui,20
Guillema,37
Guillemette,25
Guinevere,21
Guinna,35
Gunilla,17
Gus,23
Gusella,21
Gussi,24
Gussie,14
Gussy,28
Gusta,23
Gusti,20
Gustie,15
Gusty,20
Gwen,18
Gwendolen,23
Gwendolin,25
Gwendolyn,22
Gweneth,28
Gwenette,21
Gwenneth,19
Gwenni,14
Gwennie,11
Gwenny,21
Gwenora,24
Gwenore,29
Gwyn,6
Gwyneth,21
Gwynne,23
Gypsy,27
Hadria,20
Hailee,20
Haily,16
Haleigh,18
Halette,16
Haley,15
Hali,21
Halie,22
Halimeda,21
Halley,17
Halli,24
Hallie,12
Hally,21
Hana,9
Hanna,7
Hannah,21
Hanni,25
Hannie,29
Hannis,29
Hanny,20
Happy,16
Harlene,21
Harley,31
Harli,13
Harlie,18
Harmonia,26
Harmonie,23
Harmony,24
Harri,20
Harrie,19
Harriet,26
Harriett,28
Harrietta,16
Harriette,26
Harriot,30
Harriott,20
Hatti,23
Hattie,27
Hatty,19
Hayley,17
Hazel,34
Heath,11
Heather,24
Heda,18
Hedda,25
Heddi,27
Heddie,12
Hedi,19
Hedvig,17
Hedvige,31
Hedwig,18
Hedwiga,30
Hedy,17
Heida,19
Heidi,20
Heidie,28
Helaina,14
Helaine,19
Helen,24
Helen-elizabeth,15
Helena,43
Helene,29
Helenelizabeth,20
Helenka,16
Helga,24
Helge,25
Helli,19
Heloise,20
Helsa,20
Helyn,23
Hendrika,22
Henka,26
Henrie,20
Henrieta,21
Henrietta,23
Henriette,20
Henryetta,15
Hephzibah,40
Hermia,13
Hermina,31
Hermine,23
Herminia,22
Hermione,8
Herta,36
Hertha,16
Hester,17
Hesther,15
Hestia,13
Hetti,16
Hettie,22
Hetty,19
Hilary,25
Hilda,20
Hildagard,24
Hildagarde,13
Hilde,30
Hildegaard,32
Hildegarde,36
Hildy,13
Hillary,12
Hilliary,23
Hinda,8
Holli,18
Hollie,18
Holly,13
Holly-anne,25
Hollyanne,12
Honey,22
Honor,18
Honoria,23
Hope,33
Horatia,20
Hortense,25
Hortensia,25
Hulda,8
Hyacinth,21
Hyacintha,32
Hyacinthe,27
Hyacinthia,26
Hyacinthie,26
Hynda,28
Ianthe,25
Ibbie,20
Ibby,12
Ida,20
Idalia,23
Idalina,10
Idaline,22
Idell,22
Idelle,34
Idette,25
Ileana,11
Ileane,23
Ilene,22
Ilise,24
Ilka,24
Illa,26
Ilsa,31
Ilse,30
Ilysa,20
Ilyse,9
Ilyssa,26
Imelda,17
Imogen,25
Imogene,27
Imojean,22
Ina,27
Indira,24
Ines,20
Inesita,17
Inessa,8
Inez,24
Inga,13
Ingaberg,28
Ingaborg,30
Inge,26
Ingeberg,18
Ingeborg,24
Inger,22
Ingrid,23
Ingunna,29
Inna,26
Iolande,20
Iolanthe,15
Iona,10
Iormina,26
Ira,17
Irena,29
Irene,34
Irina,30
Iris,32
Irita,17
Irma,20
Isa,2
Isabeau,18
Isabel,29
Isabelita,18
Isabella,23
Isabelle,15
Isadora,23
Isahella,26
Iseabal,26
Isidora,18
Isis,17
Isobel,12
Issi,24
Issie,12
Issy,24
Ivett,23
Ivette,18
Ivie,25
Ivonne,29
Ivory,25
Ivy,30
Izabel,17
Jacenta,9
Jacinda,28
Jacinta,38
Jacintha,24
Jacinthe,29
Jackelyn,25
Jacki,16
Jackie,26
Jacklin,19
Jacklyn,25
Jackquelin,17
Jackqueline,13
Jacky,23
Jaclin,17
Jaclyn,19
Jacquelin,25
Jacqueline,13
Jacquelyn,20
Jacquelynn,18
Jacquenetta,21
Jacquenette,10
Jacquetta,24
Jacquette,23
Jacqui,20
Jacquie,26
Jacynth,18
Jada,22
Jade,21
Jaime,29
Jaimie,25
Jaine,17
Jami,8
Jamie,16
Jamima,16
Jammie,22
Jan,24
Jana,20
Janaya,23
Janaye,27
Jandy,21
Jane,22
Janean,15
Janeczka,17
Janeen,17
Janel,21
Janela,28
Janella,21
Janelle,25
Janene,25
Janenna,21
Janessa,23
Janet,25
Janeta,12
Janetta,20
Janette,25
Janeva,21
Janey,18
Jania,30
Janice,22
Janie,28
Janifer,28
Janina,28
Janine,20
Janis,25
Janith,18
Janka,18
Janna,29
Jannel,25
Jannelle,21
Janot,30
Jany,18
Jaquelin,15
Jaquelyn,18
Jaquenetta,22
Jaquenette,27
Jaquith,20
Jasmin,21
Jasmina,13
Jasmine,14
Jayme,12
Jaymee,30
Jayne,20
Jaynell,18
Jazmin,22
Jean,21
Jeana,29
Jeane,26
Jeanelle,11
Jeanette,29
Jeanie,28
Jeanine,22
Jeanna,16
Jeanne,26
Jeannette,24
Jeannie,18
Jeannine,21
Jehanna,23
Jelene,9
Jemie,28
Jemima,34
Jemimah,20
Jemmie,23
Jemmy,23
Jen,23
Jena,24
Jenda,21
Jenelle,18
Jeni,11
Jenica,23
Jeniece,17
Jenifer,27
Jeniffer,18
Jenilee,33
Jenine,16
Jenn,15
Jenna,22
Jennee,19
Jennette,21
Jenni,30
Jennica,27
Jennie,14
Jennifer,30
Jennilee,22
Jennine,24
Jenny,23
Jeralee,23
Jere,27
Jeri,22
Jermaine,24
Jerrie,17
Jerrilee,23
Jerrilyn,23
Jerrine,12
Jerry,18
Jerrylee,13
Jess,21
Jessa,24
Jessalin,20
Jessalyn,20
Jessamine,16
Jessamyn,31
Jesse,16
Jesselyn,22
Jessi,25
Jessica,24
Jessie,15
Jessika,21
Jessy,18
Jewel,35
Jewell,18
Jewelle,18
Jill,29
Jillana,31
Jillane,31
Jillayne,29
Jilleen,18
Jillene,22
Jilli,18
Jillian,29
Jillie,24
Jilly,24
Jinny,18
Jo,23
Jo ann,21
Jo-ann,22
Jo-anne,25
Joan,17
Joana,31
Joane,14
Joanie,23
Joann,19
Joanna,24
Joanne,27
Joannes,13
Jobey,22
Jobi,11
Jobie,12
Jobina,25
Joby,26
Jobye,23
Jobyna,34
Jocelin,25
Joceline,22
Jocelyn,27
Jocelyne,31
Jodee,17
Jodi,21
Jodie,27
Jody,24
Joeann,27
Joela,25
Joelie,19
Joell,20
Joella,16
Joelle,19
Joellen,19
Joelly,18
Joellyn,20
Joelynn,28
Joete,28
Joey,21
Johanna,27
Johannah,22
Johna,14
Johnath,20
Johnette,15
Johnna,19
Joice,18
Jojo,32
Jolee,18
Joleen,28
Jolene,25
Joletta,19
Joli,25
Jolie,21
Joline,16
Joly,14
Jolyn,16
Jolynn,17
Jonell,23
Joni,19
Jonie,17
Jonis,14
Jordain,22
Jordan,15
Jordana,13
Jordanna,26
Jorey,20
Jori,20
Jorie,19
Jorrie,32
Jorry,25
Joscelin,20
Josee,23
Josefa,13
Josefina,17
Josepha,13
Josephina,27
Josephine,32
Josey,30
Josi,22
Josie,24
Josselyn,17
Josy,30
Jourdan,16
Joy,28
Joya,27
Joyan,14
Joyann,25
Joyce,10
Joycelin,22
Joye,13
Joyous,33
Jsandye,37
Juana,16
Juanita,20
Judi,20
Judie,18
Judith,21
Juditha,19
Judy,22
Judye,23
Juieta,22
Julee,16
Juli,24
Julia,28
Juliana,18
Juliane,22
Juliann,21
Julianna,26
Julianne,18
Julie,22
Julienne,24
Juliet,27
Julieta,21
Julietta,30
Juliette,21
Julina,23
Juline,28
Julissa,28
Julita,9
June,21
Junette,10
Junia,13
Junie,19
Junina,22
Justina,10
Justine,21
Justinn,11
Jyoti,27
Kacey,14
Kacie,13
Kacy,25
Kaela,33
Kai,17
Kaia,29
Kaila,26
Kaile,20
Kailey,22
Kaitlin,30
Kaitlyn,17
Kaitlynn,12
Kaja,23
Kakalina,28
Kala,20
Kaleena,27
Kali,14
Kalie,7
Kalila,23
Kalina,6
Kalinda,23
Kalindi,29
Kalli,17
Kally,18
Kameko,15
Kamila,33
Kamilah,21
Kamillah,35
Kandace,19
Kandy,21
Kania,22
Kanya,17
Kara,29
Kara-lynn,20
Karalee,21
Karalynn,22
Kare,18
Karee,11
Karel,18
Karen,26
Karena,25
Kari,20
Karia,19
Karie,20
Karil,13
Karilynn,20
Karin,22
Karina,24
Karine,20
Kariotta,25
Karisa,17
Karissa,12
Karita,22
Karla,27
Karlee,17
Karleen,21
Karlen,20
Karlene,14
Karlie,14
Karlotta,30
Karlotte,27
Karly,16
Karlyn,22
Karmen,30
Karna,19
Karol,27
Karola,19
Karole,26
Karolina,16
Karoline,15
Karoly,22
Karon,14
Karrah,25
Karrie,20
Karry,35
Kary,21
Karyl,22
Karylin,14
Karyn,17
Kasey,18
Kass,12
Kassandra,24
Kassey,14
Kassi,14
Kassia,21
Kassie,14
Kat,19
Kata,16
Katalin,29
Kate,31
Katee,21
Katerina,26
Katerine,18
Katey,28
Kath,21
Katha,26
Katharina,19
Katharine,14
Katharyn,16
Kathe,20
Katherina,19
Katherine,17
Katheryn,33
Kathi,22
Kathie,12
Kathleen,17
Kathlin,11
Kathrine,17
Kathryn,16
Kathryne,26
Kathy,18
Kathye,24
Kati,12
Katie,15
Katina,22
Katine,28
Katinka,25
Katleen,21
Katlin,18
Katrina,23
Katrine,20
Katrinka,30
Katti,22
Kattie,11
Katuscha,22
Katusha,31
Katy,21
Katya,16
Kay,17
Kaycee,23
Kaye,20
Kayla,20
Kayle,28
Kaylee,18
Kayley,20
Kaylil,30
Kaylyn,23
Keeley,13
Keelia,15
Keely,17
Kelcey,17
Kelci,24
Kelcie,20
Kelcy,24
Kelila,20
Kellen,26
Kelley,23
Kelli,24
Kellia,16
Kellie,20
Kellina,31
Kellsie,24
Kelly,27
Kellyann,20
Kelsey,25
Kelsi,20
Kelsy,24
Kendra,25
Kendre,19
Kenna,23
Keri,14
Keriann,21
Kerianne,12
Kerri,10
Kerrie,22
Kerrill,13
Kerrin,25
Kerry,20
Kerstin,19
Kesley,21
Keslie,19
Kessia,18
Kessiah,24
Ketti,17
Kettie,28
Ketty,20
Kevina,15
Kevyn,34
Ki,27
Kiah,20
Kial,24
Kiele,19
Kiersten,21
Kikelia,18
Kiley,32
Kim,26
Kimberlee,28
Kimberley,25
Kimberli,19
Kimberly,19
Kimberlyn,23
Kimbra,27
Kimmi,14
Kimmie,16
Kimmy,23
Kinna,14
Kip,18
Kipp,17
Kippie,18
Kippy,18
Kira,26
Kirbee,25
Kirbie,22
Kirby,25
Kiri,25
Kirsten,18
Kirsteni,20
Kirsti,23
Kirstin,20
Kirstyn,26
Kissee,15
Kissiah,17
Kissie,21
Kit,17
Kitti,27
Kittie,28
Kitty,29
Kizzee,21
Kizzie,27
Klara,18
Klarika,25
Klarrisa,24
Konstance,18
Konstanze,22
Koo,24
Kora,16
Koral,14
Koralle,24
Kordula,21
Kore,16
Korella,20
Koren,15
Koressa,21
Kori,31
Korie,26
Korney,27
Korrie,16
Korry,20
Kris,22
Krissie,20
Krissy,19
Krista,21
Kristal,23
Kristan,23
Kriste,23
Kristel,19
Kristen,17
Kristi,18
Kristien,20
Kristin,20
Kristina,33
Kristine,28
Kristy,23
Kristyn,23
Krysta,23
Krystal,24
Krystalle,19
Krystle,28
Krystyna,18
Kyla,17
Kyle,23
Kylen,36
Kylie,23
Kylila,17
Kylynn,34
Kym,20
Kynthia,21
Kyrstin,21
L;urette,30
La verne,28
Lacee,5
Lacey,22
Lacie,17
Lacy,25
Ladonna,22
Laetitia,19
Laina,38
Lainey,17
Lana,13
Lanae,9
Lane,25
Lanette,19
Laney,19
Lani,28
Lanie,12
Lanita,32
Lanna,23
Lanni,18
Lanny,26
Lara,22
Laraine,29
Lari,26
Larina,14
Larine,20
Larisa,28
Larissa,28
Lark,15
Laryssa,14
Latashia,29
Latia,25
Latisha,21
Latrena,32
Latrina,20
Laura,17
Lauraine,22
Laural,23
Lauralee,13
Laure,33
Lauree,13
Laureen,41
Laurel,22
Laurella,17
Lauren,12
Laurena,20
Laurene,28
Lauretta,25
Laurette,15
Lauri,16
Laurianne,19
Laurice,26
Laurie,22
Lauryn,19
Lavena,20
Laverna,13
Laverne,20
Lavina,19
Lavinia,27
Lavinie,25
Layla,23
Layne,35
Layney,28
Lea,22
Leah,23
Leandra,32
Leann,27
Leanna,23
Leanor,24
Leanora,27
Lebbie,20
Leda,26
Lee,29
Leeann,22
Leeanne,30
Leela,26
Leelah,21
Leena,25
Leesa,18
Leese,13
Legra,34
Leia,28
Leigh,17
Leigha,29
Leila,6
Leilah,15
Leisha,18
Lela,12
Lelah,16
Leland,17
Lelia,27
Lena,26
Lenee,26
Lenette,21
Lenka,24
Lenna,19
Lenora,21
Lenore,18
Leodora,18
Leoine,23
Leola,24
Leoline,19
Leona,23
Leonanie,25
Leone,19
Leonelle,27
Leonie,19
Leonora,26
Leonore,26
Leontine,22
Leontyne,30
Leora,30
Leshia,21
Lesley,28
Lesli,14
Leslie,27
Lesly,36
Lesya,22
Leta,26
Lethia,17
Leticia,12
Letisha,22
Letitia,25
Letizia,12
Letta,30
Letti,24
Lettie,13
Letty,37
Lexi,25
Lexie,27
Lexine,14
Lexis,20
Lexy,21
Leyla,29
Lezlie,35
Lia,19
Lian,24
Liana,18
Liane,19
Lianna,26
Lianne,27
Lib,15
Libbey,19
Libbi,22
Libbie,30
Libby,20
Licha,19
Lida,17
Lidia,20
Liesa,17
Lil,16
Lila,23
Lilah,16
Lilas,27
Lilia,23
Lilian,19
Liliane,32
Lilias,36
Lilith,17
Lilla,18
Lilli,22
Lillian,26
Lillis,20
Lilllie,17
Lilly,17
Lily,26
Lilyan,15
Lin,15
Lina,19
Lind,27
Linda,13
Lindi,25
Lindie,18
Lindsay,28
Lindsey,28
Lindsy,27
Lindy,17
Linea,26
Linell,27
Linet,25
Linette,15
Linn,26
Linnea,23
Linnell,29
Linnet,25
Linnie,17
Linzy,11
Lira,16
Lisa,16
Lisabeth,31
Lisbeth,27
Lise,21
Lisetta,36
Lisette,33
Lisha,22
Lishe,25
Lissa,18
Lissi,24
Lissie,15
Lissy,25
Lita,24
Liuka,12
Liv,31
Liva,22
Livia,33
Livvie,19
Livvy,18
Livvyy,26
Livy,18
Liz,22
Liza,25
Lizabeth,16
Lizbeth,16
Lizette,33
Lizzie,29
Lizzy,13
Loella,15
Lois,18
Loise,24
Lola,13
Loleta,38
Lolita,12
Lolly,17
Lona,19
Lonee,23
Loni,18
Lonna,24
Lonni,20
Lonnie,16
Lora,19
Lorain,25
Loraine,22
Loralee,34
Loralie,15
Loralyn,21
Loree,35
Loreen,18
Lorelei,21
Lorelle,19
Loren,20
Lorena,22
Lorene,39
Lorenza,19
Loretta,20
Lorettalorna,21
Lorette,14
Lori,21
Loria,22
Lorianna,16
Lorianne,29
Lorie,25
Lorilee,21
Lorilyn,18
Lorinda,37
Lorine,28
Lorita,19
Lorna,27
Lorne,19
Lorraine,26
Lorrayne,27
Lorri,21
Lorrie,24
Lorrin,30
Lorry,25
Lory,17
Lotta,14
Lotte,30
Lotti,18
Lottie,34
Lotty,13
Lou,15
Louella,8
Louisa,24
Louise,22
Louisette,25
Loutitia,15
Lu,14
Luce,22
Luci,32
Lucia,20
Luciana,29
Lucie,20
Lucienne,15
Lucila,17
Lucilia,24
Lucille,27
Lucina,22
Lucinda,30
Lucine,12
Lucita,17
Lucky,27
Lucretia,21
Lucy,26
Ludovika,19
Luella,24
Luelle,32
Luisa,25
Luise,21
Lula,30
Lulita,21
Lulu,13
Lura,19
Lurette,28
Lurleen,21
Lurlene,23
Lurline,31
Lusa,20
Luz,12
Lyda,24
Lydia,19
Lydie,14
Lyn,19
Lynda,27
Lynde,26
Lyndel,11
Lyndell,11
Lyndsay,20
Lyndsey,22
Lyndsie,18
Lyndy,17
Lynea,28
Lynelle,14
Lynett,16
Lynette,22
Lynn,14
Lynna,7
Lynne,13
Lynnea,32
Lynnell,26
Lynnelle,9
Lynnet,24
Lynnett,17
Lynnette,32
Lynsey,18
Lyssa,43
Mab,21
Mabel,10
Mabelle,18
Mable,20
Mada,23
Madalena,22
Madalyn,27
Maddalena,16
Maddi,18
Maddie,17
Maddy,17
Madel,17
Madelaine,27
Madeleine,26
Madelena,30
Madelene,23
Madelin,23
Madelina,16
Madeline,19
Madella,20
Madelle,21
Madelon,21
Madelyn,14
Madge,28
Madlen,25
Madlin,33
Madonna,15
Mady,20
Mae,27
Maegan,18
Mag,23
Magda,27
Magdaia,21
Magdalen,17
Magdalena,26
Magdalene,24
Maggee,17
Maggi,21
Maggie,25
Maggy,15
Mahala,21
Mahalia,26
Maia,17
Maible,27
Maiga,20
Maighdiln,10
Mair,22
Maire,20
Maisey,26
Maisie,21
Maitilde,21
Mala,17
Malanie,24
Malena,24
Malia,21
Malina,21
Malinda,20
Malinde,16
Malissa,18
Malissia,20
Mallissa,17
Mallorie,31
Mallory,11
Malorie,17
Malory,31
Malva,17
Malvina,26
Malynda,13
Mame,20
Mamie,15
Manda,18
Mandi,16
Mandie,23
Mandy,18
Manon,19
Manya,23
Mara,24
Marabel,14
Marcela,15
Marcelia,21
Marcella,22
Marcelle,17
Marcellina,19
Marcelline,32
Marchelle,21
Marci,23
Marcia,11
Marcie,14
Marcile,21
Marcille,21
Marcy,21
Mareah,14
Maren,33
Marena,23
Maressa,21
Marga,20
Margalit,30
Margalo,27
Margaret,15
Margareta,25
Margarete,27
Margaretha,24
Margarethe,22
Margaretta,10
Margarette,28
Margarita,15
Margaux,11
Marge,25
Margeaux,25
Margery,26
Marget,23
Margette,20
Margi,29
Margie,33
Margit,25
Margo,25
Margot,13
Margret,23
Marguerite,14
Margy,25
Mari,25
Maria,29
Mariam,27
Marian,21
Mariana,16
Mariann,20
Marianna,16
Marianne,20
Maribel,16
Maribelle,10
Maribeth,14
Marice,14
Maridel,27
Marie,21
Marie-ann,16
Marie-jeanne,18
Marieann,15
Mariejeanne,19
Mariel,18
Mariele,20
Marielle,21
Mariellen,26
Marietta,15
Mariette,21
Marigold,22
Marijo,15
Marika,22
Marilee,15
Marilin,11
Marillin,15
Marilyn,20
Marin,21
Marina,21
Marinna,48
Marion,21
Mariquilla,19
Maris,23
Marisa,23
Mariska,23
Marissa,25
Marita,22
Maritsa,17
Mariya,23
Marj,29
Marja,9
Marje,16
Marji,18
Marjie,17
Marjorie,16
Marjory,25
Marjy,31
Marketa,15
Marla,18
Marlane,13
Marleah,22
Marlee,25
Marleen,25
Marlena,22
Marlene,22
Marley,25
Marlie,24
Marline,23
Marlo,23
Marlyn,28
Marna,20
Marne,29
Marney,16
Marni,20
Marnia,20
Marnie,10
Marquita,22
Marrilee,35
Marris,18
Marrissa,14
Marsha,22
Marsiella,8
Marta,19
Martelle,6
Martguerita,25
Martha,31
Marthe,19
Marthena,19
Marti,17
Martica,21
Martie,23
Martina,14
Martita,24
Marty,36
Martynne,22
Mary,22
Marya,12
Maryann,12
Maryanna,16
Maryanne,27
Marybelle,26
Marybeth,22
Maryellen,16
Maryjane,10
Maryjo,15
Maryl,18
Marylee,25
Marylin,31
Marylinda,11
Marylou,18
Marylynne,29
Maryrose,16
Marys,20
Marysa,14
Masha,35
Matelda,20
Mathilda,17
Mathilde,23
Matilda,22
Matilde,25
Matti,19
Mattie,15
Matty,30
Maud,17
Maude,17
Maudie,22
Maura,28
Maure,25
Maureen,26
Maureene,17
Maurene,15
Maurine,31
Maurise,17
Maurita,18
Maurizia,14
Mavis,11
Mavra,27
Max,21
Maxi,31
Maxie,20
Maxine,19
Maxy,25
May,11
Maybelle,22
Maye,24
Mead,20
Meade,23
Meagan,31
Meaghan,27
Meara,21
Mechelle,21
Meg,8
Megan,14
Megen,37
Meggi,18
Meggie,27
Meggy,18
Meghan,18
Meghann,11
Mehetabel,23
Mei,16
Mel,21
Mela,25
Melamie,26
Melania,18
Melanie,26
Melantha,28
Melany,22
Melba,12
Melesa,32
Melessa,23
Melicent,24
Melina,18
Melinda,24
Melinde,8
Melisa,18
Melisande,19
Melisandra,12
Melisenda,21
Melisent,26
Melissa,23
Melisse,27
Melita,24
Melitta,23
Mella,18
Melli,31
Mellicent,28
Mellie,33
Mellisa,22
Mellisent,9
Melloney,23
Melly,22
Melodee,32
Melodie,21
Melody,18
Melonie,24
Melony,18
Melosa,24
Melva,14
Mercedes,10
Merci,26
Mercie,25
Mercy,19
Meredith,14
Meredithe,15
Meridel,29
Meridith,23
Meriel,18
Merilee,28
Merilyn,27
Meris,15
Merissa,29
Merl,11
Merla,27
Merle,22
Merlina,24
Merline,21
Merna,18
Merola,13
Merralee,23
Merridie,31
Merrie,21
Merrielle,16
Merrile,20
Merrilee,28
Merrili,20
Merrill,10
Merrily,26
Merry,25
Mersey,17
Meryl,15
Meta,15
Mia,13
Micaela,23
Michaela,16
Michaelina,27
Michaeline,14
Michaella,19
Michal,15
Michel,14
Michele,22
Michelina,12
Micheline,14
Michell,36
Michelle,25
Micki,15
Mickie,27
Micky,34
Midge,26
Mignon,14
Mignonne,28
Miguela,17
Miguelita,20
Mikaela,15
Mil,13
Mildred,17
Mildrid,21
Milena,26
Milicent,26
Milissent,26
Milka,25
Milli,9
Millicent,18
Millie,21
Millisent,26
Milly,34
Milzie,21
Mimi,21
Min,27
Mina,20
Minda,27
Mindy,17
Minerva,19
Minetta,23
Minette,22
Minna,17
Minnaminnie,22
Minne,24
Minni,31
Minnie,39
Minnnie,34
Minny,22
Minta,25
Miof mela,29
Miquela,16
Mira,15
Mirabel,21
Mirabella,24
Mirabelle,15
Miran,29
Miranda,23
Mireielle,25
Mireille,22
Mirella,19
Mirelle,20
Miriam,31
Mirilla,20
Mirna,27
Misha,26
Missie,15
Missy,23
Misti,24
Misty,26
Mitzi,15
Modesta,21
Modestia,19
Modestine,19
Modesty,18
Moina,16
Moira,35
Moll,29
Mollee,19
Molli,14
Mollie,25
Molly,17
Mommy,27
Mona,18
Monah,28
Monica,24
Monika,29
Monique,24
Mora,17
Moreen,17
Morena,13
Morgan,23
Morgana,28
Morganica,23
Morganne,19
Morgen,16
Moria,21
Morissa,34
Morna,12
Moselle,24
Moyna,27
Moyra,13
Mozelle,21
Muffin,19
Mufi,17
Mufinella,23
Muire,18
Mureil,20
Murial,24
Muriel,14
Murielle,25
Myra,21
Myrah,11
Myranda,18
Myriam,26
Myrilla,25
Myrle,25
Myrlene,19
Myrna,14
Myrta,16
Myrtia,31
Myrtice,19
Myrtie,21
Myrtle,29
Nada,19
Nadean,22
Nadeen,26
Nadia,22
Nadine,20
Nadiya,22
Nady,18
Nadya,25
Nalani,24
Nan,17
Nana,30
Nananne,14
Nance,29
Nancee,37
Nancey,29
Nanci,21
Nancie,18
Nancy,16
Nanete,32
Nanette,14
Nani,25
Nanice,22
Nanine,23
Nannette,17
Nanni,12
Nannie,18
Nanny,22
Nanon,23
Naoma,23
Naomi,31
Nara,28
Nari,33
Nariko,19
Nat,28
Nata,26
Natala,22
Natalee,26
Natalie,10
Natalina,16
Nataline,22
Natalya,26
Natasha,20
Natassia,20
Nathalia,20
Nathalie,15
Natividad,27
Natka,20
Natty,22
Neala,21
Neda,28
Nedda,36
Nedi,27
Neely,23
Neila,18
Neile,15
Neilla,20
Neille,10
Nelia,15
Nelie,31
Nell,16
Nelle,16
Nelli,24
Nellie,28
Nelly,18
Nerissa,24
Nerita,27
Nert,30
Nerta,21
Nerte,19
Nerti,22
Nertie,20
Nerty,30
Nessa,26
Nessi,23
Nessie,24
Nessy,15
Nesta,23
Netta,19
Netti,20
Nettie,24
Nettle,30
Netty,24
Nevsa,9
Neysa,13
Nichol,18
Nichole,24
Nicholle,18
Nicki,9
Nickie,23
Nicky,18
Nicol,19
Nicola,30
Nicole,18
Nicolea,21
Nicolette,27
Nicoli,17
Nicolina,34
Nicoline,23
Nicolle,13
Nikaniki,33
Nike,22
Niki,30
Nikki,27
Nikkie,11
Nikoletta,24
Nikolia,20
Nina,24
Ninetta,14
Ninette,14
Ninnetta,21
Ninnette,14
Ninon,25
Nissa,23
Nisse,12
Nissie,22
Nissy,20
Nita,27
Nixie,32
Noami,28
Noel,15
Noelani,26
Noell,21
Noella,22
Noelle,21
Noellyn,17
Noelyn,29
Noemi,18
Nola,23
Nolana,21
Nolie,21
Nollie,20
Nomi,10
Nona,26
Nonah,19
Noni,20
Nonie,24
Nonna,20
Nonnah,11
Nora,19
Norah,21
Norean,21
Noreen,22
Norene,15
Norina,7
Norine,23
Norma,20
Norri,26
Norrie,21
Norry,20
Novelia,13
Nydia,23
Nyssa,22
Octavia,23
Odele,32
Odelia,18
Odelinda,24
Odella,23
Odelle,31
Odessa,32
Odetta,24
Odette,17
Odilia,17
Odille,28
Ofelia,36
Ofella,17
Ofilia,26
Ola,20
Olenka,28
Olga,26
Olia,29
Olimpia,21
Olive,22
Olivette,33
Olivia,25
Olivie,15
Oliy,28
Ollie,24
Olly,11
Olva,28
Olwen,22
Olympe,19
Olympia,15
Olympie,17
Ondrea,24
Oneida,23
Onida,21
Oona,9
Opal,26
Opalina,14
Opaline,25
Ophelia,29
Ophelie,18
Ora,15
Oralee,29
Oralia,19
Oralie,36
Oralla,24
Oralle,19
Orel,17
Orelee,11
Orelia,19
Orelie,19
Orella,18
Orelle,25
Oriana,8
Orly,14
Orsa,21
Orsola,26
Ortensia,19
Otha,25
Othelia,30
Othella,26
Othilia,19
Othilie,28
Ottilie,29
Page,25
Paige,28
Paloma,18
Pam,21
Pamela,23
Pamelina,22
Pamella,18
Pammi,25
Pammie,16
Pammy,27
Pandora,24
Pansie,18
Pansy,23
Paola,25
Paolina,20
Papagena,32
Pat,17
Patience,20
Patrica,23
Patrice,16
Patricia,14
Patrizia,22
Patsy,28
Patti,20
Pattie,23
Patty,27
Paula,15
Paule,26
Pauletta,16
Paulette,16
Pauli,21
Paulie,30
Paulina,28
Pauline,21
Paulita,23
Pauly,19
Pavia,23
Pavla,29
Pearl,27
Pearla,27
Pearle,19
Pearline,10
Peg,15
Pegeen,27
Peggi,19
Peggie,27
Peggy,19
Pen,19
Penelopa,31
Penelope,19
Penni,17
Pennie,18
Penny,19
Pepi,16
Pepita,29
Peri,23
Peria,20
Perl,23
Perla,36
Perle,20
Perri,31
Perrine,23
Perry,13
Persis,12
Pet,14
Peta,29
Petra,18
Petrina,16
Petronella,22
Petronia,22
Petronilla,17
Petronille,20
Petunia,14
Phaedra,28
Phaidra,20
Phebe,26
Phedra,26
Phelia,23
Phil,24
Philipa,16
Philippa,20
Philippe,20
Philippine,16
Philis,27
Phillida,15
Phillie,22
Phillis,19
Philly,21
Philomena,29
Phoebe,25
Phylis,21
Phyllida,20
Phyllis,21
Phyllys,12
Phylys,24
Pia,19
Pier,21
Pierette,19
Pierrette,31
Pietra,27
Piper,22
Pippa,17
Pippy,27
Polly,23
Pollyanna,25
Pooh,30
Poppy,31
Portia,21
Pris,27
Prisca,31
Priscella,21
Priscilla,27
Prissie,18
Pru,22
Prudence,20
Prudi,31
Prudy,22
Prue,20
Queenie,39
Quentin,25
Querida,24
Quinn,29
Quinta,13
Quintana,30
Quintilla,17
Quintina,18
Rachael,19
Rachel,19
Rachele,10
Rachelle,18
Rae,23
Raeann,15
Raf,25
Rafa,22
Rafaela,15
Rafaelia,20
Rafaelita,21
Rahal,21
Rahel,23
Raina,25
Raine,16
Rakel,23
Ralina,15
Ramona,30
Ramonda,16
Rana,24
Randa,10
Randee,15
Randene,22
Randi,26
Randie,20
Randy,14
Ranee,28
Rani,20
Rania,10
Ranice,22
Ranique,26
Ranna,23
Raphaela,17
Raquel,32
Raquela,23
Rasia,22
Rasla,25
Raven,24
Ray,19
Raychel,25
Raye,12
Rayna,33
Raynell,17
Rayshell,28
Rea,20
Reba,17
Rebbecca,29
Rebe,24
Rebeca,27
Rebecca,27
Rebecka,25
Rebeka,27
Rebekah,8
Rebekkah,15
Ree,25
Reeba,15
Reena,12
Reeta,8
Reeva,21
Regan,24
Reggi,32
Reggie,28
Regina,16
Regine,17
Reiko,25
Reina,23
Reine,19
Remy,16
Rena,22
Renae,10
Renata,24
Renate,37
Rene,21
Renee,16
Renell,23
Renelle,19
Renie,20
Rennie,25
Reta,19
Retha,31
Revkah,23
Rey,17
Reyna,14
Rhea,14
Rheba,27
Rheta,39
Rhetta,27
Rhiamon,17
Rhianna,24
Rhianon,19
Rhoda,24
Rhodia,20
Rhodie,12
Rhody,15
Rhona,29
Rhonda,22
Riane,27
Riannon,25
Rianon,27
Rica,23
Ricca,22
Rici,22
Ricki,23
Rickie,21
Ricky,22
Riki,12
Rikki,19
Rina,26
Risa,27
Rita,23
Riva,15
Rivalee,14
Rivi,20
Rivkah,18
Rivy,13
Roana,17
Roanna,15
Roanne,15
Robbi,16
Robbie,19
Robbin,17
Robby,18
Robbyn,15
Robena,19
Robenia,24
Roberta,32
Robin,15
Robina,18
Robinet,16
Robinett,14
Robinetta,25
Robinette,36
Robinia,29
Roby,26
Robyn,22
Roch,27
Rochell,21
Rochella,19
Rochelle,25
Rochette,25
Roda,20
Rodi,22
Rodie,20
Rodina,27
Rois,30
Romola,17
Romona,20
Romonda,18
Romy,23
Rona,14
Ronalda,27
Ronda,22
Ronica,30
Ronna,22
Ronni,27
Ronnica,15
Ronnie,19
Ronny,14
Roobbie,26
Rora,15
Rori,24
Rorie,22
Rory,20
Ros,25
Rosa,25
Rosabel,16
Rosabella,13
Rosabelle,30
Rosaleen,15
Rosalia,21
Rosalie,27
Rosalind,27
Rosalinda,28
Rosalinde,21
Rosaline,17
Rosalyn,26
Rosalynd,23
Rosamond,21
Rosamund,20
Rosana,18
Rosanna,14
Rosanne,21
Rose,3
Roseann,21
Roseanna,17
Roseanne,22
Roselia,19
Roselin,22
Roseline,23
Rosella,30
Roselle,21
Rosemaria,26
Rosemarie,30
Rosemary,30
Rosemonde,21
Rosene,18
Rosetta,18
Rosette,18
Roshelle,31
Rosie,17
Rosina,22
Rosita,26
Roslyn,18
Rosmunda,21
Rosy,24
Row,20
Rowe,18
Rowena,17
Roxana,22
Roxane,14
Roxanna,16
Roxanne,22
Roxi,16
Roxie,17
Roxine,18
Roxy,24
Roz,15
Rozalie,12
Rozalin,26
Rozamond,12
Rozanna,22
Rozanne,19
Roze,31
Rozele,21
Rozella,29
Rozelle,28
Rozina,30
Rubetta,29
Rubi,21
Rubia,19
Rubie,12
Rubina,16
Ruby,20
Ruperta,17
Ruth,15
Ruthann,34
Ruthanne,23
Ruthe,19
Ruthi,19
Ruthie,23
Ruthy,20
Ryann,21
Rycca,20
Saba,25
Sabina,20
Sabine,29
Sabra,15
Sabrina,32
Sacha,32
Sada,21
Sadella,26
Sadie,23
Sadye,12
Saidee,17
Sal,33
Salaidh,20
Sallee,27
Salli,27
Sallie,26
Sally,16
Sallyann,20
Sallyanne,30
Saloma,27
Salome,18
Salomi,12
Sam,24
Samantha,14
Samara,18
Samaria,18
Sammy,16
Sande,30
Sandi,18
Sandie,28
Sandra,12
Sandy,19
Sandye,31
Sapphira,24
Sapphire,15
Sara,20
Sara-ann,26
Saraann,28
Sarah,12
Sarajane,24
Saree,29
Sarena,41
Sarene,20
Sarette,15
Sari,17
Sarina,18
Sarine,17
Sarita,21
Sascha,20
Sasha,15
Sashenka,26
Saudra,23
Saundra,24
Savina,9
Sayre,26
Scarlet,9
Scarlett,18
Sean,23
Seana,28
Seka,32
Sela,22
Selena,29
Selene,16
Selestina,12
Selia,25
Selie,30
Selina,26
Selinda,24
Seline,28
Sella,26
Selle,24
Selma,11
Sena,12
Sephira,28
Serena,30
Serene,7
Shae,31
Shaina,23
Shaine,12
Shalna,14
Shalne,21
Shana,39
Shanda,14
Shandee,25
Shandeigh,31
Shandie,17
Shandra,27
Shandy,17
Shane,14
Shani,15
Shanie,18
Shanna,19
Shannah,39
Shannen,17
Shannon,18
Shanon,26
Shanta,23
Shantee,16
Shara,11
Sharai,41
Shari,24
Sharia,21
Sharity,21
Sharl,21
Sharla,28
Sharleen,18
Sharlene,28
Sharline,17
Sharon,11
Sharona,23
Sharron,25
Sharyl,17
Shaun,22
Shauna,23
Shawn,22
Shawna,22
Shawnee,24
Shay,19
Shayla,17
Shaylah,17
Shaylyn,15
Shaylynn,25
Shayna,21
Shayne,16
Shea,31
Sheba,19
Sheela,19
Sheelagh,15
Sheelah,15
Sheena,19
Sheeree,8
Sheila,22
Sheila-kathryn,28
Sheilah,28
Sheilakathryn,21
Shel,22
Shela,11
Shelagh,22
Shelba,23
Shelbi,18
Shelby,35
Shelia,24
Shell,22
Shelley,31
Shelli,22
Shellie,23
Shelly,19
Shena,17
Sher,19
Sheree,26
Sheri,31
Sherie,23
Sherill,21
Sherilyn,26
Sherline,26
Sherri,17
Sherrie,24
Sherry,13
Sherye,18
Sheryl,14
Shina,25
Shir,18
Shirl,32
Shirlee,21
Shirleen,12
Shirlene,18
Shirley,24
Shirline,16
Shoshana,24
Shoshanna,20
Siana,30
Sianna,20
Sib,17
Sibbie,29
Sibby,28
Sibeal,30
Sibel,20
Sibella,19
Sibelle,20
Sibilla,22
Sibley,20
Sibyl,10
Sibylla,23
Sibylle,23
Sidoney,16
Sidonia,25
Sidonnie,24
Sigrid,16
Sile,11
Sileas,23
Silva,17
Silvana,17
Silvia,24
Silvie,30
Simona,14
Simone,16
Simonette,21
Simonne,26
Sindee,12
Siobhan,24
Sioux,4
Siouxie,24
Sisely,19
Sisile,27
Sissie,26
Sissy,21
Siusan,17
Sofia,23
Sofie,29
Sondra,22
Sonia,16
Sonja,16
Sonni,5
Sonnie,25
Sonnnie,20
Sonny,14
Sonya,21
Sophey,32
Sophi,20
Sophia,20
Sophie,18
Sophronia,19
Sorcha,13
Sosanna,32
Stace,23
Stacee,17
Stacey,18
Staci,28
Stacia,20
Stacie,20
Stacy,32
Stafani,6
Star,23
Starla,13
Starlene,18
Starlin,21
Starr,20
Stefa,26
Stefania,23
Stefanie,24
Steffane,13
Steffi,15
Steffie,30
Stella,13
Stepha,15
Stephana,29
Stephani,20
Stephanie,24
Stephannie,34
Stephenie,25
Stephi,15
Stephie,16
Stephine,21
Stesha,22
Stevana,35
Stevena,13
Stoddard,19
Storm,21
Stormi,27
Stormie,20
Stormy,23
Sue,32
Suellen,34
Sukey,16
Suki,15
Sula,30
Sunny,19
Sunshine,35
Susan,21
Susana,26
Susanetta,24
Susann,20
Susanna,35
Susannah,28
Susanne,22
Susette,19
Susi,37
Susie,18
Susy,26
Suzann,8
Suzanna,26
Suzanne,25
Suzette,24
Suzi,19
Suzie,32
Suzy,25
Sybil,26
Sybila,29
Sybilla,14
Sybille,21
Sybyl,22
Sydel,21
Sydelle,13
Sydney,15
Sylvia,17
Tabatha,24
Tabbatha,25
Tabbi,25
Tabbie,31
Tabbitha,22
Tabby,19
Tabina,18
Tabitha,30
Taffy,18
Talia,34
Tallia,13
Tallie,21
Tallou,18
Tallulah,18
Tally,17
Talya,15
Talyah,14
Tamar,27
Tamara,20
Tamarah,18
Tamarra,16
Tamera,25
Tami,24
Tamiko,17
Tamma,21
Tammara,24
Tammi,29
Tammie,18
Tammy,19
Tamqrah,15
Tamra,14
Tana,24
Tandi,21
Tandie,17
Tandy,28
Tanhya,25
Tani,29
Tania,24
Tanitansy,25
Tansy,10
Tanya,17
Tara,24
Tarah,15
Tarra,11
Tarrah,18
Taryn,15
Tasha,28
Tasia,24
Tate,21
Tatiana,17
Tatiania,32
Tatum,15
Tawnya,20
Tawsha,34
Ted,20
Tedda,20
Teddi,22
Teddie,28
Teddy,16
Tedi,16
Tedra,26
Teena,16
Teirtza,19
Teodora,23
Tera,17
Teresa,23
Terese,19
Teresina,20
Teresita,24
Teressa,26
Teri,26
Teriann,18
Terra,24
Terri,17
Terri-jo,23
Terrie,14
Terrijo,31
Terry,18
Terrye,18
Tersina,31
Terza,18
Tess,19
Tessa,19
Tessi,17
Tessie,28
Tessy,25
Thalia,16
Thea,26
Theadora,23
Theda,24
Thekla,18
Thelma,23
Theo,18
Theodora,22
Theodosia,13
Theresa,24
Therese,25
Theresina,16
Theresita,18
Theressa,24
Therine,25
Thia,19
Thomasa,22
Thomasin,23
Thomasina,16
Thomasine,24
Tiena,17
Tierney,21
Tiertza,18
Tiff,18
Tiffani,18
Tiffanie,21
Tiffany,27
Tiffi,34
Tiffie,20
Tiffy,16
Tilda,27
Tildi,25
Tildie,14
Tildy,21
Tillie,14
Tilly,31
Tim,16
Timi,13
Timmi,17
Timmie,14
Timmy,20
Timothea,20
Tina,20
Tine,16
Tiphani,20
Tiphanie,30
Tiphany,34
Tish,16
Tisha,19
Tobe,28
Tobey,16
Tobi,29
Toby,21
Tobye,29
Toinette,5
Toma,26
Tomasina,11
Tomasine,16
Tomi,14
Tommi,31
Tommie,24
Tommy,28
Toni,30
Tonia,21
Tonie,19
Tony,29
Tonya,21
Tonye,19
Tootsie,13
Torey,22
Tori,25
Torie,31
Torrie,28
Tory,29
Tova,26
Tove,33
Tracee,10
Tracey,17
Traci,26
Tracie,25
Tracy,26
Trenna,23
Tresa,25
Trescha,18
Tressa,11
Tricia,25
Trina,36
Trish,23
Trisha,29
Trista,25
Trix,23
Trixi,31
Trixie,25
Trixy,29
Truda,32
Trude,15
Trudey,23
Trudi,28
Trudie,17
Trudy,23
Trula,18
Tuesday,22
Twila,30
Twyla,24
Tybi,12
Tybie,24
Tyne,15
Ula,18
Ulla,25
Ulrica,24
Ulrika,22
Ulrikaumeko,19
Ulrike,23
Umeko,29
Una,20
Ursa,8
Ursala,26
Ursola,19
Ursula,12
Ursulina,34
Ursuline,16
Uta,17
Val,26
Valaree,21
Valaria,20
Vale,19
Valeda,18
Valencia,21
Valene,30
Valenka,8
Valentia,22
Valentina,24
Valentine,19
Valera,23
Valeria,25
Valerie,22
Valery,26
Valerye,23
Valida,16
Valina,20
Valli,17
Vallie,19
Vally,21
Valma,19
Valry,26
Van,23
Vanda,15
Vanessa,25
Vania,28
Vanna,22
Vanni,22
Vannie,25
Vanny,23
Vanya,14
Veda,26
Velma,12
Velvet,16
Venita,13
Venus,27
Vera,20
Veradis,25
Vere,19
Verena,38
Verene,11
Veriee,17
Verile,31
Verina,30
Verine,27
Verla,23
Verna,20
Vernice,18
Veronica,24
Veronika,11
Veronike,20
Veronique,25
Vevay,17
Vi,20
Vicki,16
Vickie,27
Vicky,23
Victoria,30
Vida,18
Viki,20
Vikki,14
Vikky,16
Vilhelmina,18
Vilma,10
Vin,22
Vina,17
Vinita,23
Vinni,19
Vinnie,18
Vinny,18
Viola,20
Violante,21
Viole,35
Violet,19
Violetta,21
Violette,24
Virgie,17
Virgina,23
Virginia,25
Virginie,16
Vita,13
Vitia,14
Vitoria,20
Vittoria,26
Viv,21
Viva,22
Vivi,26
Vivia,14
Vivian,26
Viviana,13
Vivianna,32
Vivianne,33
Vivie,18
Vivien,22
Viviene,22
Vivienne,25
Viviyan,20
Vivyan,17
Vivyanne,21
Vonni,18
Vonnie,27
Vonny,9
Vyky,20
Wallie,21
Wallis,28
Walliw,25
Wally,20
Waly,10
Wanda,23
Wandie,14
Wandis,26
Waneta,22
Wanids,14
Wenda,17
Wendeline,18
Wendi,22
Wendie,17
Wendy,14
Wendye,11
Wenona,20
Wenonah,21
Whitney,17
Wileen,25
Wilhelmina,10
Wilhelmine,24
Wilie,15
Willa,15
Willabella,17
Willamina,31
Willetta,26
Willette,26
Willi,17
Willie,11
Willow,24
Willy,12
Willyt,17
Wilma,15
Wilmette,30
Wilona,21
Wilone,19
Wilow,18
Windy,20
Wini,26
Winifred,16
Winna,24
Winnah,21
Winne,30
Winni,25
Winnie,26
Winnifred,20
Winny,18
Winona,13
Winonah,22
Wren,18
Wrennie,32
Wylma,14
Wynn,27
Wynne,24
Wynnie,21
Wynny,19
Xaviera,24
Xena,20
Xenia,20
Xylia,21
Xylina,22
Yalonda,22
Yasmeen,18
Yasmin,24
Yelena,21
Yetta,25
Yettie,24
Yetty,19
Yevette,18
Ynes,11
Ynez,17
Yoko,27
Yolanda,21
Yolande,23
Yolane,16
Yolanthe,19
Yoshi,14
Yoshiko,29
Yovonnda,21
Ysabel,16
Yvette,30
Yvonne,33
Zabrina,23
Zahara,19
Zandra,19
Zaneta,22
Zara,24
Zarah,19
Zaria,23
Zarla,16
Zea,26
Zelda,17
Zelma,22
Zena,21
Zenia,18
Zia,24
Zilvia,21
Zita,29
Zitella,17
Zoe,21
Zola,19
Zonda,14
Zondra,25
Zonnya,31
Zora,15
Zorah,23
Zorana,23
Zorina,11
Zorine,25
Zsa zsa,31
Zsazsa,15
Zulema,24
Zuzana,25
