name,sex
Aaron,M
Ab,M
Abba,M
Abbe,M
Abbey,M
Abbie,M
Abbot,M
Abbott,M
Abby,M
Abdel,M
Abdul,M
Abe,M
Abel,M
Abelard,M
Abeu,M
Abey,M
Abie,M
Abner,M
Abraham,M
Abrahan,M
Abram,M
Abramo,M
Abran,M
Ad,M
Adair,M
Adam,M
Adamo,M
Adams,M
Adan,M
Addie,M
Addison,M
Addy,M
Ade,M
Adelbert,M
Adham,M
Adlai,M
Adler,M
Ado,M
Adolf,M
Adolph,M
Adolphe,M
Adolpho,M
Adolphus,M
Adrian,M
Adriano,M
Adrien,M
Agosto,M
Aguie,M
Aguistin,M
Aguste,M
Agustin,M
Aharon,M
Ahmad,M
Ahmed,M
Ailbert,M
Akim,M
Aksel,M
Al,M
Alain,M
Alair,M
Alan,M
Aland,M
Alano,M
Alanson,M
Alard,M
Alaric,M
Alasdair,M
Alastair,M
Alasteir,M
Alaster,M
Alberik,M
Albert,M
Alberto,M
Albie,M
Albrecht,M
Alden,M
Aldin,M
Aldis,M
Aldo,M
Aldon,M
Aldous,M
Aldric,M
Aldrich,M
Aldridge,M
Aldus,M
Aldwin,M
Alec,M
Alejandro,M
Alejoa,M
Aleksandr,M
Alessandro,M
Alex,M
Alexander,M
Alexandr,M
Alexandre,M
Alexandro,M
Alexandros,M
Alexei,M
Alexio,M
Alexis,M
Alf,M
Alfie,M
Alfons,M
Alfonse,M
Alfonso,M
Alford,M
Alfred,M
Alfredo,M
Alfy,M
Algernon,M
Ali,M
Alic,M
Alick,M
Alisander,M
Alistair,M
Alister,M
Alix,M
Allan,M
Allard,M
Allayne,M
Allen,M
Alley,M
Alleyn,M
Allie,M
Allin,M
Allister,M
Allistir,M
Allyn,M
Aloin,M
Alon,M
Alonso,M
Alonzo,M
Aloysius,M
Alphard,M
Alphonse,M
Alphonso,M
Alric,M
Aluin,M
Aluino,M
Alva,M
Alvan,M
Alvie,M
Alvin,M
Alvis,M
Alvy,M
Alwin,M
Alwyn,M
Alyosha,M
Amble,M
Ambros,M
Ambrose,M
Ambrosi,M
Ambrosio,M
Ambrosius,M
Amby,M
Amerigo,M
Amery,M
Amory,M
Amos,M
Anatol,M
Anatole,M
Anatollo,M
Ancell,M
Anders,M
Anderson,M
Andie,M
Andonis,M
Andras,M
Andre,M
Andrea,M
Andreas,M
Andrej,M
Andres,M
Andrew,M
Andrey,M
Andris,M
Andros,M
Andrus,M
Andy,M
Ange,M
Angel,M
Angeli,M
Angelico,M
Angelo,M
Angie,M
Angus,M
Ansel,M
Ansell,M
Anselm,M
Anson,M
Anthony,M
Antin,M
Antoine,M
Anton,M
Antone,M
Antoni,M
Antonin,M
Antonino,M
Antonio,M
Antonius,M
Antons,M
Antony,M
Any,M
Ara,M
Araldo,M
Arch,M
Archaimbaud,M
Archambault,M
Archer,M
Archibald,M
Archibaldo,M
Archibold,M
Archie,M
Archy,M
Arel,M
Ari,M
Arie,M
Ariel,M
Arin,M
Ario,M
Aristotle,M
Arlan,M
Arlen,M
Arley,M
Arlin,M
Arman,M
Armand,M
Armando,M
Armin,M
Armstrong,M
Arnaldo,M
Arne,M
Arney,M
Arni,M
Arnie,M
Arnold,M
Arnoldo,M
Arnuad,M
Arny,M
Aron,M
Arri,M
Arron,M
Art,M
Artair,M
Arte,M
Artemas,M
Artemis,M
Artemus,M
Arther,M
Arthur,M
Artie,M
Artur,M
Arturo,M
Artus,M
Arty,M
Arv,M
Arvie,M
Arvin,M
Arvy,M
Asa,M
Ase,M
Ash,M
Ashbey,M
Ashby,M
Asher,M
Ashley,M
Ashlin,M
Ashton,M
Aube,M
Auberon,M
Aubert,M
Aubrey,M
Augie,M
August,M
Augustin,M
Augustine,M
Augusto,M
Augustus,M
Augy,M
Aurthur,M
Austen,M
Austin,M
Ave,M
Averell,M
Averil,M
Averill,M
Avery,M
Avictor,M
Avigdor,M
Avram,M
Avrom,M
Ax,M
Axe,M
Axel,M
Aylmar,M
Aylmer,M
Aymer,M
Bail,M
Bailey,M
Bailie,M
Baillie,M
Baily,M
Baird,M
Bald,M
Balduin,M
Baldwin,M
Bale,M
Ban,M
Bancroft,M
Bank,M
Banky,M
Bar,M
Barbabas,M
Barclay,M
Bard,M
Barde,M
Barn,M
Barnabas,M
Barnabe,M
Barnaby,M
Barnard,M
Barnebas,M
Barnett,M
Barney,M
Barnie,M
Barny,M
Baron,M
Barr,M
Barret,M
Barrett,M
Barri,M
Barrie,M
Barris,M
Barron,M
Barry,M
Bart,M
Bartel,M
Barth,M
Barthel,M
Bartholemy,M
Bartholomeo,M
Bartholomeus,M
Bartholomew,M
Bartie,M
Bartlet,M
Bartlett,M
Bartolemo,M
Bartolomeo,M
Barton,M
Bartram,M
Barty,M
Bary,M
Baryram,M
Base,M
Basil,M
Basile,M
Basilio,M
Basilius,M
Bastian,M
Bastien,M
Bat,M
Batholomew,M
Baudoin,M
Bax,M
Baxie,M
Baxter,M
Baxy,M
Bay,M
Bayard,M
Beale,M
Bealle,M
Bear,M
Bearnard,M
Beau,M
Beaufort,M
Beauregard,M
Beck,M
Beltran,M
Ben,M
Bendick,M
Bendicty,M
Bendix,M
Benedetto,M
Benedick,M
Benedict,M
Benedicto,M
Benedikt,M
Bengt,M
Beniamino,M
Benito,M
Benjamen,M
Benjamin,M
Benji,M
Benjie,M
Benjy,M
Benn,M
Bennett,M
Bennie,M
Benny,M
Benoit,M
Benson,M
Bent,M
Bentlee,M
Bentley,M
Benton,M
Benyamin,M
Ber,M
Berk,M
Berke,M
Berkeley,M
Berkie,M
Berkley,M
Berkly,M
Berky,M
Bern,M
Bernard,M
Bernardo,M
Bernarr,M
Berne,M
Bernhard,M
Bernie,M
Berny,M
Bert,M
Berti,M
Bertie,M
Berton,M
Bertram,M
Bertrand,M
Bertrando,M
Berty,M
Bev,M
Bevan,M
Bevin,M
Bevon,M
Bil,M
Bill,M
Billie,M
Billy,M
Bing,M
Bink,M
Binky,M
Birch,M
Birk,M
Biron,M
Bjorn,M
Blaine,M
Blair,M
Blake,M
Blane,M
Blayne,M
Bo,M
Bob,M
Bobbie,M
Bobby,M
Bogart,M
Bogey,M
Boigie,M
Bond,M
Bondie,M
Bondon,M
Bondy,M
Bone,M
Boniface,M
Boone,M
Boonie,M
Boony,M
Boot,M
Boote,M
Booth,M
Boothe,M
Bord,M
Borden,M
Bordie,M
Bordy,M
Borg,M
Boris,M
Bourke,M
Bowie,M
Boy,M
Boyce,M
Boycey,M
Boycie,M
Boyd,M
Brad,M
Bradan,M
Brade,M
Braden,M
Bradford,M
Bradley,M
Bradly,M
Bradney,M
Brady,M
Bram,M
Bran,M
Brand,M
Branden,M
Brander,M
Brandon,M
Brandtr,M
Brandy,M
Brandyn,M
Brannon,M
Brant,M
Brantley,M
Bren,M
Brendan,M
Brenden,M
Brendin,M
Brendis,M
Brendon,M
Brennan,M
Brennen,M
Brent,M
Bret,M
Brett,M
Brew,M
Brewer,M
Brewster,M
Brian,M
Briano,M
Briant,M
Brice,M
Brien,M
Brig,M
Brigg,M
Briggs,M
Brigham,M
Brion,M
Brit,M
Britt,M
Brnaba,M
Brnaby,M
Brock,M
Brockie,M
Brocky,M
Brod,M
Broddie,M
Broddy,M
Broderic,M
Broderick,M
Brodie,M
Brody,M
Brok,M
Bron,M
Bronnie,M
Bronny,M
Bronson,M
Brook,M
Brooke,M
Brooks,M
Brose,M
Bruce,M
Brucie,M
Bruis,M
Bruno,M
Bryan,M
Bryant,M
Bryanty,M
Bryce,M
Bryn,M
Bryon,M
Buck,M
Buckie,M
Bucky,M
Bud,M
Budd,M
Buddie,M
Buddy,M
Buiron,M
Burch,M
Burg,M
Burgess,M
Burk,M
Burke,M
Burl,M
Burlie,M
Burnaby,M
Burnard,M
Burr,M
Burt,M
Burtie,M
Burton,M
Burty,M
Butch,M
Byram,M
Byran,M
Byrann,M
Byrle,M
Byrom,M
Byron,M
Cad,M
Caddric,M
Caesar,M
Cal,M
Caldwell,M
Cale,M
Caleb,M
Calhoun,M
Callean,M
Calv,M
Calvin,M
Cam,M
Cameron,M
Camey,M
Cammy,M
Car,M
Carce,M
Care,M
Carey,M
Carl,M
Carleton,M
Carlie,M
Carlin,M
Carling,M
Carlo,M
Carlos,M
Carly,M
Carlyle,M
Carmine,M
Carney,M
Carny,M
Carolus,M
Carr,M
Carrol,M
Carroll,M
Carson,M
Cart,M
Carter,M
Carver,M
Cary,M
Caryl,M
Casar,M
Case,M
Casey,M
Cash,M
Caspar,M
Casper,M
Cass,M
Cassie,M
Cassius,M
Caz,M
Cazzie,M
Cchaddie,M
Cece,M
Cecil,M
Cecilio,M
Cecilius,M
Ced,M
Cedric,M
Cello,M
Cesar,M
Cesare,M
Cesaro,M
Chad,M
Chadd,M
Chaddie,M
Chaddy,M
Chadwick,M
Chaim,M
Chalmers,M
Chan,M
Chance,M
Chancey,M
Chandler,M
Chane,M
Chariot,M
Charles,M
Charley,M
Charlie,M
Charlton,M
Chas,M
Chase,M
Chaunce,M
Chauncey,M
Che,M
Chen,M
Ches,M
Chester,M
Cheston,M
Chet,M
Chev,M
Chevalier,M
Chevy,M
Chic,M
Chick,M
Chickie,M
Chicky,M
Chico,M
Chilton,M
Chip,M
Chris,M
Chrisse,M
Chrissie,M
Chrissy,M
Christian,M
Christiano,M
Christie,M
Christoffer,M
Christoforo,M
Christoper,M
Christoph,M
Christophe,M
Christopher,M
Christophorus,M
Christos,M
Christy,M
Chrisy,M
Chrotoem,M
Chucho,M
Chuck,M
Cirillo,M
Cirilo,M
Ciro,M
Cirstoforo,M
Claiborn,M
Claiborne,M
Clair,M
Claire,M
Clarance,M
Clare,M
Clarence,M
Clark,M
Clarke,M
Claudell,M
Claudian,M
Claudianus,M
Claudio,M
Claudius,M
Claus,M
Clay,M
Clayborn,M
Clayborne,M
Claybourne,M
Clayson,M
Clayton,M
Cleavland,M
Clem,M
Clemens,M
Clement,M
Clemente,M
Clementius,M
Clemmie,M
Clemmy,M
Cleon,M
Clerc,M
Clerkclaude,M
Cletis,M
Cletus,M
Cleve,M
Cleveland,M
Clevey,M
Clevie,M
Cliff,M
Clifford,M
Clim,M
Clint,M
Clive,M
Cly,M
Clyde,M
Clyve,M
Clywd,M
Cob,M
Cobb,M
Cobbie,M
Cobby,M
Codi,M
Codie,M
Cody,M
Cointon,M
Colan,M
Colas,M
Colby,M
Cole,M
Coleman,M
Colet,M
Colin,M
Collin,M
Colman,M
Colver,M
Con,M
Conan,M
Conant,M
Conn,M
Conney,M
Connie,M
Connor,M
Conny,M
Conrad,M
Conrade,M
Conrado,M
Conroy,M
Consalve,M
Constantin,M
Constantine,M
Constantino,M
Conway,M
Coop,M
Cooper,M
Corbet,M
Corbett,M
Corbie,M
Corbin,M
Corby,M
Cord,M
Cordell,M
Cordie,M
Cordy,M
Corey,M
Cori,M
Cornall,M
Cornelius,M
Cornell,M
Corney,M
Cornie,M
Corny,M
Correy,M
Corrie,M
Cort,M
Cortie,M
Corty,M
Cory,M
Cos,M
Cosimo,M
Cosme,M
Cosmo,M
Costa,M
Court,M
Courtnay,M
Courtney,M
Cozmo,M
Craggie,M
Craggy,M
Craig,M
Crawford,M
Creigh,M
Creight,M
Creighton,M
Crichton,M
Cris,M
Cristian,M
Cristiano,M
Cristobal,M
Crosby,M
Cross,M
Cull,M
Cullan,M
Cullen,M
Culley,M
Cullie,M
Cullin,M
Cully,M
Culver,M
Curcio,M
Curr,M
Curran,M
Currey,M
Currie,M
Curry,M
Curt,M
Curtice,M
Curtis,M
Cy,M
Cyril,M
Cyrill,M
Cyrille,M
Cyrillus,M
Cyrus,M
D'arcy,M
Dael,M
Dag,M
Dagny,M
Dal,M
Dale,M
Dalis,M
Dall,M
Dallas,M
Dalli,M
Dallis,M
Dallon,M
Dalston,M
Dalt,M
Dalton,M
Dame,M
Damian,M
Damiano,M
Damien,M
Damon,M
Dan,M
Dana,M
Dane,M
Dani,M
Danie,M
Daniel,M
Dannel,M
Dannie,M
Danny,M
Dante,M
Danya,M
Dar,M
Darb,M
Darbee,M
Darby,M
Darcy,M
Dare,M
Daren,M
Darill,M
Darin,M
Dario,M
Darius,M
Darn,M
Darnall,M
Darnell,M
Daron,M
Darrel,M
Darrell,M
Darren,M
Darrick,M
Darrin,M
Darryl,M
Darwin,M
Daryl,M
Daryle,M
Dav,M
Dave,M
Daven,M
Davey,M
David,M
Davidde,M
Davide,M
Davidson,M
Davie,M
Davin,M
Davis,M
Davon,M
Davy,M
De witt,M
Dean,M
Deane,M
Decca,M
Deck,M
Del,M
Delainey,M
Delaney,M
Delano,M
Delbert,M
Dell,M
Delmar,M
Delmer,M
Delmor,M
Delmore,M
Demetre,M
Demetri,M
Demetris,M
Demetrius,M
Demott,M
Den,M
Dene,M
Denis,M
Dennet,M
Denney,M
Dennie,M
Dennis,M
Dennison,M
Denny,M
Denver,M
Denys,M
Der,M
Derby,M
Derek,M
Derick,M
Derk,M
Dermot,M
Derrek,M
Derrick,M
Derrik,M
Derril,M
Derron,M
Derry,M
Derward,M
Derwin,M
Des,M
Desi,M
Desmond,M
Desmund,M
Dev,M
Devin,M
Devland,M
Devlen,M
Devlin,M
Devy,M
Dew,M
Dewain,M
Dewey,M
Dewie,M
Dewitt,M
Dex,M
Dexter,M
Diarmid,M
Dick,M
Dickie,M
Dicky,M
Diego,M
Dieter,M
Dietrich,M
Dilan,M
Dill,M
Dillie,M
Dillon,M
Dilly,M
Dimitri,M
Dimitry,M
Dino,M
Dion,M
Dionisio,M
Dionysus,M
Dirk,M
Dmitri,M
Dolf,M
Dolph,M
Dom,M
Domenic,M
Domenico,M
Domingo,M
Dominic,M
Dominick,M
Dominik,M
Dominique,M
Don,M
Donal,M
Donall,M
Donalt,M
Donaugh,M
Donavon,M
Donn,M
Donnell,M
Donnie,M
Donny,M
Donovan,M
Dore,M
Dorey,M
Dorian,M
Dorie,M
Dory,M
Doug,M
Dougie,M
Douglas,M
Douglass,M
Dougy,M
Dov,M
Doy,M
Doyle,M
Drake,M
Drew,M
Dru,M
Drud,M
Drugi,M
Duane,M
Dud,M
Dudley,M
Duff,M
Duffie,M
Duffy,M
Dugald,M
Duke,M
Dukey,M
Dukie,M
Duky,M
Dun,M
Dunc,M
Duncan,M
Dunn,M
Dunstan,M
Dur,M
Durand,M
Durant,M
Durante,M
Durward,M
Dwain,M
Dwayne,M
Dwight,M
Dylan,M
Eadmund,M
Eal,M
Eamon,M
Earl,M
Earle,M
Earlie,M
Early,M
Earvin,M
Eb,M
Eben,M
Ebeneser,M
Ebenezer,M
Eberhard,M
Eberto,M
Ed,M
Edan,M
Edd,M
Eddie,M
Eddy,M
Edgar,M
Edgard,M
Edgardo,M
Edik,M
Edlin,M
Edmon,M
Edmund,M
Edouard,M
Edsel,M
Eduard,M
Eduardo,M
Eduino,M
Edvard,M
Edward,M
Edwin,M
Efrem,M
Efren,M
Egan,M
Egbert,M
Egon,M
Egor,M
El,M
Elbert,M
Elden,M
Eldin,M
Eldon,M
Eldredge,M
Eldridge,M
Eli,M
Elia,M
Elias,M
Elihu,M
Elijah,M
Eliot,M
Elisha,M
Ellary,M
Ellerey,M
Ellery,M
Elliot,M
Elliott,M
Ellis,M
Ellswerth,M
Ellsworth,M
Ellwood,M
Elmer,M
Elmo,M
Elmore,M
Elnar,M
Elroy,M
Elston,M
Elsworth,M
Elton,M
Elvin,M
Elvis,M
Elvyn,M
Elwin,M
Elwood,M
Elwyn,M
Ely,M
Em,M
Emanuel,M
Emanuele,M
Emelen,M
Emerson,M
Emery,M
Emile,M
Emilio,M
Emlen,M
Emlyn,M
Emmanuel,M
Emmerich,M
Emmery,M
Emmet,M
Emmett,M
Emmit,M
Emmott,M
Emmy,M
Emory,M
Engelbert,M
Englebert,M
Ennis,M
Enoch,M
Enos,M
Enrico,M
Enrique,M
Ephraim,M
Ephrayim,M
Ephrem,M
Erasmus,M
Erastus,M
Erek,M
Erhard,M
Erhart,M
Eric,M
Erich,M
Erick,M
Erie,M
Erik,M
Erin,M
Erl,M
Ermanno,M
Ermin,M
Ernest,M
Ernesto,M
Ernestus,M
Ernie,M
Ernst,M
Erny,M
Errick,M
Errol,M
Erroll,M
Erskine,M
Erv,M
Ervin,M
Erwin,M
Esdras,M
Esme,M
Esra,M
Esteban,M
Estevan,M
Etan,M
Ethan,M
Ethe,M
Ethelbert,M
Ethelred,M
Etienne,M
Ettore,M
Euell,M
Eugen,M
Eugene,M
Eugenio,M
Eugenius,M
Eustace,M
Ev,M
Evan,M
Evelin,M
Evelyn,M
Even,M
Everard,M
Evered,M
Everett,M
Evin,M
Evyn,M
Ewan,M
Eward,M
Ewart,M
Ewell,M
Ewen,M
Ezechiel,M
Ezekiel,M
Ezequiel,M
Eziechiele,M
Ezra,M
Ezri,M
Fabe,M
Faber,M
Fabian,M
Fabiano,M
Fabien,M
Fabio,M
Fair,M
Fairfax,M
Fairleigh,M
Fairlie,M
Falito,M
Falkner,M
Far,M
Farlay,M
Farlee,M
Farleigh,M
Farley,M
Farlie,M
Farly,M
Farr,M
Farrel,M
Farrell,M
Farris,M
Faulkner,M
Fax,M
Federico,M
Fee,M
Felic,M
Felice,M
Felicio,M
Felike,M
Feliks,M
Felipe,M
Felix,M
Felizio,M
Feodor,M
Ferd,M
Ferdie,M
Ferdinand,M
Ferdy,M
Fergus,M
Ferguson,M
Fernando,M
Ferrel,M
Ferrell,M
Ferris,M
Fidel,M
Fidelio,M
Fidole,M
Field,M
Fielding,M
Fields,M
Filbert,M
Filberte,M
Filberto,M
Filip,M
Filippo,M
Filmer,M
Filmore,M
Fin,M
Findlay,M
Findley,M
Finlay,M
Finley,M
Finn,M
Fitz,M
Fitzgerald,M
Flem,M
Fleming,M
Flemming,M
Fletch,M
Fletcher,M
Flin,M
Flinn,M
Flint,M
Florian,M
Flory,M
Floyd,M
Flynn,M
Fons,M
Fonsie,M
Fonz,M
Fonzie,M
Forbes,M
Ford,M
Forest,M
Forester,M
Forrest,M
Forrester,M
Forster,M
Foss,M
Foster,M
Fowler,M
Fran,M
Francesco,M
Franchot,M
Francis,M
Francisco,M
Franciskus,M
Francklin,M
Francklyn,M
Francois,M
Frank,M
Frankie,M
Franklin,M
Franklyn,M
Franky,M
Frannie,M
Franny,M
Frans,M
Fransisco,M
Frants,M
Franz,M
Franzen,M
Frasco,M
Fraser,M
Frasier,M
Frasquito,M
Fraze,M
Frazer,M
Frazier,M
Fred,M
Freddie,M
Freddy,M
Fredek,M
Frederic,M
Frederich,M
Frederick,M
Frederico,M
Frederigo,M
Frederik,M
Fredric,M
Fredrick,M
Free,M
Freedman,M
Freeland,M
Freeman,M
Freemon,M
Fremont,M
Friedrich,M
Friedrick,M
Fritz,M
Fulton,M
Gabbie,M
Gabby,M
Gabe,M
Gabi,M
Gabie,M
Gabriel,M
Gabriele,M
Gabriello,M
Gaby,M
Gael,M
Gaelan,M
Gage,M
Gail,M
Gaile,M
Gal,M
Gale,M
Galen,M
Gallagher,M
Gallard,M
Galvan,M
Galven,M
Galvin,M
Gamaliel,M
Gan,M
Gannie,M
Gannon,M
Ganny,M
Gar,M
Garald,M
Gard,M
Gardener,M
Gardie,M
Gardiner,M
Gardner,M
Gardy,M
Gare,M
Garek,M
Gareth,M
Garey,M
Garfield,M
Garik,M
Garner,M
Garold,M
Garrard,M
Garrek,M
Garret,M
Garreth,M
Garrett,M
Garrick,M
Garrik,M
Garrot,M
Garrott,M
Garry,M
Garth,M
Garv,M
Garvey,M
Garvin,M
Garvy,M
Garwin,M
Garwood,M
Gary,M
Gaspar,M
Gaspard,M
Gasparo,M
Gasper,M
Gaston,M
Gaultiero,M
Gauthier,M
Gav,M
Gavan,M
Gaven,M
Gavin,M
Gawain,M
Gawen,M
Gay,M
Gayelord,M
Gayle,M
Gayler,M
Gaylor,M
Gaylord,M
Gearalt,M
Gearard,M
Gene,M
Geno,M
Geoff,M
Geoffrey,M
Geoffry,M
Georas,M
Geordie,M
Georg,M
George,M
Georges,M
Georgi,M
Georgie,M
Georgy,M
Gerald,M
Gerard,M
Gerardo,M
Gerek,M
Gerhard,M
Gerhardt,M
Geri,M
Gerick,M
Gerik,M
Germain,M
Germaine,M
Germayne,M
Gerome,M
Gerrard,M
Gerri,M
Gerrie,M
Gerry,M
Gery,M
Gherardo,M
Giacobo,M
Giacomo,M
Giacopo,M
Gian,M
Gianni,M
Giavani,M
Gib,M
Gibb,M
Gibbie,M
Gibby,M
Gideon,M
Giff,M
Giffard,M
Giffer,M
Giffie,M
Gifford,M
Giffy,M
Gil,M
Gilbert,M
Gilberto,M
Gilburt,M
Giles,M
Gill,M
Gilles,M
Ginger,M
Gino,M
Giordano,M
Giorgi,M
Giorgio,M
Giovanni,M
Giraldo,M
Giraud,M
Giselbert,M
Giulio,M
Giuseppe,M
Giustino,M
Giusto,M
Glen,M
Glenden,M
Glendon,M
Glenn,M
Glyn,M
Glynn,M
Godard,M
Godart,M
Goddard,M
Goddart,M
Godfree,M
Godfrey,M
Godfry,M
Godwin,M
Gonzales,M
Gonzalo,M
Goober,M
Goran,M
Goraud,M
Gordan,M
Gorden,M
Gordie,M
Gordon,M
Gordy,M
Gothart,M
Gottfried,M
Grace,M
Gradeigh,M
Gradey,M
Grady,M
Graehme,M
Graeme,M
Graham,M
Graig,M
Gram,M
Gran,M
Grange,M
Granger,M
Grannie,M
Granny,M
Grant,M
Grantham,M
Granthem,M
Grantley,M
Granville,M
Gray,M
Greg,M
Gregg,M
Greggory,M
Gregoire,M
Gregoor,M
Gregor,M
Gregorio,M
Gregorius,M
Gregory,M
Grenville,M
Griff,M
Griffie,M
Griffin,M
Griffith,M
Griffy,M
Gris,M
Griswold,M
Griz,M
Grove,M
Grover,M
Gualterio,M
Guglielmo,M
Guido,M
Guilbert,M
Guillaume,M
Guillermo,M
Gun,M
Gunar,M
Gunner,M
Guntar,M
Gunter,M
Gunther,M
Gus,M
Guss,M
Gustaf,M
Gustav,M
Gustave,M
Gustavo,M
Gustavus,M
Guthrey,M
Guthrie,M
Guthry,M
Guy,M
Had,M
Hadlee,M
Hadleigh,M
Hadley,M
Hadrian,M
Hagan,M
Hagen,M
Hailey,M
Haily,M
Hakeem,M
Hakim,M
Hal,M
Hale,M
Haleigh,M
Haley,M
Hall,M
Hallsy,M
Halsey,M
Halsy,M
Ham,M
Hamel,M
Hamid,M
Hamil,M
Hamilton,M
Hamish,M
Hamlen,M
Hamlin,M
Hammad,M
Hamnet,M
Hanan,M
Hank,M
Hans,M
Hansiain,M
Hanson,M
Harald,M
Harbert,M
Harcourt,M
Hardy,M
Harlan,M
Harland,M
Harlen,M
Harley,M
Harlin,M
Harman,M
Harmon,M
Harold,M
Haroun,M
Harp,M
Harper,M
Harris,M
Harrison,M
Harry,M
Hart,M
Hartley,M
Hartwell,M
Harv,M
Harvey,M
Harwell,M
Harwilll,M
Hasheem,M
Hashim,M
Haskel,M
Haskell,M
Haslett,M
Hastie,M
Hastings,M
Hasty,M
Haven,M
Hayden,M
Haydon,M
Hayes,M
Hayward,M
Haywood,M
Hayyim,M
Haze,M
Hazel,M
Hazlett,M
Heall,M
Heath,M
Hebert,M
Hector,M
Heindrick,M
Heinrick,M
Heinrik,M
Henderson,M
Hendrick,M
Hendrik,M
Henri,M
Henrik,M
Henry,M
Herb,M
Herbert,M
Herbie,M
Herby,M
Herc,M
Hercule,M
Hercules,M
Herculie,M
Heriberto,M
Herman,M
Hermann,M
Hermie,M
Hermon,M
Hermy,M
Hernando,M
Herold,M
Herrick,M
Hersch,M
Herschel,M
Hersh,M
Hershel,M
Herve,M
Hervey,M
Hew,M
Hewe,M
Hewet,M
Hewett,M
Hewie,M
Hewitt,M
Heywood,M
Hi,M
Hieronymus,M
Hilario,M
Hilarius,M
Hilary,M
Hill,M
Hillard,M
Hillary,M
Hillel,M
Hillery,M
Hilliard,M
Hillie,M
Hillier,M
Hilly,M
Hillyer,M
Hilton,M
Hinze,M
Hiram,M
Hirsch,M
Hobard,M
Hobart,M
Hobey,M
Hobie,M
Hodge,M
Hoebart,M
Hogan,M
Holden,M
Hollis,M
Holly,M
Holmes,M
Holt,M
Homer,M
Homere,M
Homerus,M
Horace,M
Horacio,M
Horatio,M
Horatius,M
Horst,M
Hort,M
Horten,M
Horton,M
Howard,M
Howey,M
Howie,M
Hoyt,M
Hube,M
Hubert,M
Huberto,M
Hubey,M
Hubie,M
Huey,M
Hugh,M
Hughie,M
Hugibert,M
Hugo,M
Hugues,M
Humbert,M
Humberto,M
Humfrey,M
Humfrid,M
Humfried,M
Humphrey,M
Hunfredo,M
Hunt,M
Hunter,M
Huntington,M
Huntlee,M
Huntley,M
Hurlee,M
Hurleigh,M
Hurley,M
Husain,M
Husein,M
Hussein,M
Hy,M
Hyatt,M
Hyman,M
Hymie,M
Iago,M
Iain,M
Ian,M
Ibrahim,M
Ichabod,M
Iggie,M
Iggy,M
Ignace,M
Ignacio,M
Ignacius,M
Ignatius,M
Ignaz,M
Ignazio,M
Igor,M
Ike,M
Ikey,M
Ilaire,M
Ilario,M
Immanuel,M
Ingamar,M
Ingar,M
Ingelbert,M
Ingemar,M
Inger,M
Inglebert,M
Inglis,M
Ingmar,M
Ingra,M
Ingram,M
Ingrim,M
Inigo,M
Inness,M
Innis,M
Iorgo,M
Iorgos,M
Iosep,M
Ira,M
Irv,M
Irvin,M
Irvine,M
Irving,M
Irwin,M
Irwinn,M
Isa,M
Isaac,M
Isaak,M
Isac,M
Isacco,M
Isador,M
Isadore,M
Isaiah,M
Isak,M
Isiahi,M
Isidor,M
Isidore,M
Isidoro,M
Isidro,M
Israel,M
Issiah,M
Itch,M
Ivan,M
Ivar,M
Ive,M
Iver,M
Ives,M
Ivor,M
Izaak,M
Izak,M
Izzy,M
Jabez,M
Jack,M
Jackie,M
Jackson,M
Jacky,M
Jacob,M
Jacobo,M
Jacques,M
Jae,M
Jaime,M
Jaimie,M
Jake,M
Jakie,M
Jakob,M
Jamaal,M
Jamal,M
James,M
Jameson,M
Jamesy,M
Jamey,M
Jamie,M
Jamil,M
Jamill,M
Jamison,M
Jammal,M
Jan,M
Janek,M
Janos,M
Jarad,M
Jard,M
Jareb,M
Jared,M
Jarib,M
Jarid,M
Jarrad,M
Jarred,M
Jarret,M
Jarrett,M
Jarrid,M
Jarrod,M
Jarvis,M
Jase,M
Jasen,M
Jason,M
Jasper,M
Jasun,M
Javier,M
Jay,M
Jaye,M
Jayme,M
Jaymie,M
Jayson,M
Jdavie,M
Jean,M
Jecho,M
Jed,M
Jedd,M
Jeddy,M
Jedediah,M
Jedidiah,M
Jeff,M
Jefferey,M
Jefferson,M
Jeffie,M
Jeffrey,M
Jeffry,M
Jeffy,M
Jehu,M
Jeno,M
Jens,M
Jephthah,M
Jerad,M
Jerald,M
Jeramey,M
Jeramie,M
Jere,M
Jereme,M
Jeremiah,M
Jeremias,M
Jeremie,M
Jeremy,M
Jermain,M
Jermaine,M
Jermayne,M
Jerome,M
Jeromy,M
Jerri,M
Jerrie,M
Jerrold,M
Jerrome,M
Jerry,M
Jervis,M
Jess,M
Jesse,M
Jessee,M
Jessey,M
Jessie,M
Jesus,M
Jeth,M
Jethro,M
Jim,M
Jimmie,M
Jimmy,M
Jo,M
Joachim,M
Joaquin,M
Job,M
Jock,M
Jocko,M
Jodi,M
Jodie,M
Jody,M
Joe,M
Joel,M
Joey,M
Johan,M
Johann,M
Johannes,M
John,M
Johnathan,M
Johnathon,M
Johnnie,M
Johnny,M
Johny,M
Jon,M
Jonah,M
Jonas,M
Jonathan,M
Jonathon,M
Jone,M
Jordan,M
Jordon,M
Jorgan,M
Jorge,M
Jory,M
Jose,M
Joseito,M
Joseph,M
Josh,M
Joshia,M
Joshua,M
Joshuah,M
Josiah,M
Josias,M
Jourdain,M
Jozef,M
Juan,M
Jud,M
Judah,M
Judas,M
Judd,M
Jude,M
Judon,M
Jule,M
Jules,M
Julian,M
Julie,M
Julio,M
Julius,M
Justen,M
Justin,M
Justinian,M
Justino,M
Justis,M
Justus,M
Kahaleel,M
Kahlil,M
Kain,M
Kaine,M
Kaiser,M
Kale,M
Kaleb,M
Kalil,M
Kalle,M
Kalvin,M
Kane,M
Kareem,M
Karel,M
Karim,M
Karl,M
Karlan,M
Karlens,M
Karlik,M
Karlis,M
Karney,M
Karoly,M
Kaspar,M
Kasper,M
Kayne,M
Kean,M
Keane,M
Kearney,M
Keary,M
Keefe,M
Keefer,M
Keelby,M
Keen,M
Keenan,M
Keene,M
Keir,M
Keith,M
Kelbee,M
Kelby,M
Kele,M
Kellby,M
Kellen,M
Kelley,M
Kelly,M
Kelsey,M
Kelvin,M
Kelwin,M
Ken,M
Kendal,M
Kendall,M
Kendell,M
Kendrick,M
Kendricks,M
Kenn,M
Kennan,M
Kennedy,M
Kenneth,M
Kennett,M
Kennie,M
Kennith,M
Kenny,M
Kenon,M
Kent,M
Kenton,M
Kenyon,M
Ker,M
Kerby,M
Kerk,M
Kermie,M
Kermit,M
Kermy,M
Kerr,M
Kerry,M
Kerwin,M
Kerwinn,M
Kev,M
Kevan,M
Keven,M
Kevin,M
Kevon,M
Khalil,M
Kiel,M
Kienan,M
Kile,M
Kiley,M
Kilian,M
Killian,M
Killie,M
Killy,M
Kim,M
Kimball,M
Kimbell,M
Kimble,M
Kin,M
Kincaid,M
King,M
Kingsley,M
Kingsly,M
Kingston,M
Kinnie,M
Kinny,M
Kinsley,M
Kip,M
Kipp,M
Kippar,M
Kipper,M
Kippie,M
Kippy,M
Kirby,M
Kirk,M
Kit,M
Klaus,M
Klemens,M
Klement,M
Kleon,M
Kliment,M
Knox,M
Koenraad,M
Konrad,M
Konstantin,M
Konstantine,M
Korey,M
Kort,M
Kory,M
Kris,M
Krisha,M
Krishna,M
Krishnah,M
Krispin,M
Kristian,M
Kristo,M
Kristofer,M
Kristoffer,M
Kristofor,M
Kristoforo,M
Kristopher,M
Kristos,M
Kurt,M
Kurtis,M
Ky,M
Kyle,M
Kylie,M
Laird,M
Lalo,M
Lamar,M
Lambert,M
Lammond,M
Lamond,M
Lamont,M
Lance,M
Lancelot,M
Land,M
Lane,M
Laney,M
Langsdon,M
Langston,M
Lanie,M
Lannie,M
Lanny,M
Larry,M
Lars,M
Laughton,M
Launce,M
Lauren,M
Laurence,M
Laurens,M
Laurent,M
Laurie,M
Lauritz,M
Law,M
Lawrence,M
Lawry,M
Lawton,M
Lay,M
Layton,M
Lazar,M
Lazare,M
Lazaro,M
Lazarus,M
Lee,M
Leeland,M
Lefty,M
Leicester,M
Leif,M
Leigh,M
Leighton,M
Lek,M
Leland,M
Lem,M
Lemar,M
Lemmie,M
Lemmy,M
Lemuel,M
Lenard,M
Lenci,M
Lennard,M
Lennie,M
Leo,M
Leon,M
Leonard,M
Leonardo,M
Leonerd,M
Leonhard,M
Leonid,M
Leonidas,M
Leopold,M
Leroi,M
Leroy,M
Les,M
Lesley,M
Leslie,M
Lester,M
Leupold,M
Lev,M
Levey,M
Levi,M
Levin,M
Levon,M
Levy,M
Lew,M
Lewes,M
Lewie,M
Lewiss,M
Lezley,M
Liam,M
Lief,M
Lin,M
Linc,M
Lincoln,M
Lind,M
Lindon,M
Lindsay,M
Lindsey,M
Lindy,M
Link,M
Linn,M
Linoel,M
Linus,M
Lion,M
Lionel,M
Lionello,M
Lisle,M
Llewellyn,M
Lloyd,M
Llywellyn,M
Lock,M
Locke,M
Lockwood,M
Lodovico,M
Logan,M
Lombard,M
Lon,M
Lonnard,M
Lonnie,M
Lonny,M
Lorant,M
Loren,M
Lorens,M
Lorenzo,M
Lorin,M
Lorne,M
Lorrie,M
Lorry,M
Lothaire,M
Lothario,M
Lou,M
Louie,M
Louis,M
Lovell,M
Lowe,M
Lowell,M
Lowrance,M
Loy,M
Loydie,M
Luca,M
Lucais,M
Lucas,M
Luce,M
Lucho,M
Lucian,M
Luciano,M
Lucias,M
Lucien,M
Lucio,M
Lucius,M
Ludovico,M
Ludvig,M
Ludwig,M
Luigi,M
Luis,M
Lukas,M
Luke,M
Lutero,M
Luther,M
Ly,M
Lydon,M
Lyell,M
Lyle,M
Lyman,M
Lyn,M
Lynn,M
Lyon,M
Mac,M
Mace,M
Mack,M
Mackenzie,M
Maddie,M
Maddy,M
Madison,M
Magnum,M
Mahmoud,M
Mahmud,M
Maison,M
Maje,M
Major,M
Mal,M
Malachi,M
Malchy,M
Malcolm,M
Mallory,M
Malvin,M
Man,M
Mandel,M
Manfred,M
Mannie,M
Manny,M
Mano,M
Manolo,M
Manuel,M
Mar,M
Marc,M
Marcel,M
Marcello,M
Marcellus,M
Marcelo,M
Marchall,M
Marco,M
Marcos,M
Marcus,M
Marietta,M
Marijn,M
Mario,M
Marion,M
Marius,M
Mark,M
Markos,M
Markus,M
Marlin,M
Marlo,M
Marlon,M
Marlow,M
Marlowe,M
Marmaduke,M
Marsh,M
Marshal,M
Marshall,M
Mart,M
Martainn,M
Marten,M
Martie,M
Martin,M
Martino,M
Marty,M
Martyn,M
Marv,M
Marve,M
Marven,M
Marvin,M
Marwin,M
Mason,M
Massimiliano,M
Massimo,M
Mata,M
Mateo,M
Mathe,M
Mathew,M
Mathian,M
Mathias,M
Matias,M
Matt,M
Matteo,M
Matthaeus,M
Mattheus,M
Matthew,M
Matthias,M
Matthieu,M
Matthiew,M
Matthus,M
Mattias,M
Mattie,M
Matty,M
Maurice,M
Mauricio,M
Maurie,M
Maurise,M
Maurits,M
Maurizio,M
Maury,M
Max,M
Maxie,M
Maxim,M
Maximilian,M
Maximilianus,M
Maximilien,M
Maximo,M
Maxwell,M
Maxy,M
Mayer,M
Maynard,M
Mayne,M
Maynord,M
Mayor,M
Mead,M
Meade,M
Meier,M
Meir,M
Mel,M
Melvin,M
Melvyn,M
Menard,M
Mendel,M
Mendie,M
Mendy,M
Meredeth,M
Meredith,M
Merell,M
Merill,M
Merle,M
Merrel,M
Merrick,M
Merrill,M
Merry,M
Merv,M
Mervin,M
Merwin,M
Merwyn,M
Meryl,M
Meyer,M
Mic,M
Micah,M
Michael,M
Michail,M
Michal,M
Michale,M
Micheal,M
Micheil,M
Michel,M
Michele,M
Mick,M
Mickey,M
Mickie,M
Micky,M
Miguel,M
Mikael,M
Mike,M
Mikel,M
Mikey,M
Mikkel,M
Mikol,M
Mile,M
Miles,M
Mill,M
Millard,M
Miller,M
Milo,M
Milt,M
Miltie,M
Milton,M
Milty,M
Miner,M
Minor,M
Mischa,M
Mitch,M
Mitchael,M
Mitchel,M
Mitchell,M
Moe,M
Mohammed,M
Mohandas,M
Mohandis,M
Moise,M
Moises,M
Moishe,M
Monro,M
Monroe,M
Montague,M
Monte,M
Montgomery,M
Monti,M
Monty,M
Moore,M
Mord,M
Mordecai,M
Mordy,M
Morey,M
Morgan,M
Morgen,M
Morgun,M
Morie,M
Moritz,M
Morlee,M
Morley,M
Morly,M
Morrie,M
Morris,M
Morry,M
Morse,M
Mort,M
Morten,M
Mortie,M
Mortimer,M
Morton,M
Morty,M
Mose,M
Moses,M
Moshe,M
Moss,M
Mozes,M
Muffin,M
Muhammad,M
Munmro,M
Munroe,M
Murdoch,M
Murdock,M
Murray,M
Murry,M
Murvyn,M
My,M
Myca,M
Mycah,M
Mychal,M
Myer,M
Myles,M
Mylo,M
Myron,M
Myrvyn,M
Myrwyn,M
Nahum,M
Nap,M
Napoleon,M
Nappie,M
Nappy,M
Nat,M
Natal,M
Natale,M
Nataniel,M
Nate,M
Nathan,M
Nathanael,M
Nathanial,M
Nathaniel,M
Nathanil,M
Natty,M
Neal,M
Neale,M
Neall,M
Nealon,M
Nealson,M
Nealy,M
Ned,M
Neddie,M
Neddy,M
Neel,M
Nefen,M
Nehemiah,M
Neil,M
Neill,M
Neils,M
Nels,M
Nelson,M
Nero,M
Neron,M
Nester,M
Nestor,M
Nev,M
Nevil,M
Nevile,M
Neville,M
Nevin,M
Nevins,M
Newton,M
Nial,M
Niall,M
Niccolo,M
Nicholas,M
Nichole,M
Nichols,M
Nick,M
Nickey,M
Nickie,M
Nicko,M
Nickola,M
Nickolai,M
Nickolas,M
Nickolaus,M
Nicky,M
Nico,M
Nicol,M
Nicola,M
Nicolai,M
Nicolais,M
Nicolas,M
Nicolis,M
Niel,M
Niels,M
Nigel,M
Niki,M
Nikita,M
Nikki,M
Niko,M
Nikola,M
Nikolai,M
Nikolaos,M
Nikolas,M
Nikolaus,M
Nikolos,M
Nikos,M
Nil,M
Niles,M
Nils,M
Nilson,M
Niven,M
Noach,M
Noah,M
Noak,M
Noam,M
Nobe,M
Nobie,M
Noble,M
Noby,M
Noe,M
Noel,M
Nolan,M
Noland,M
Noll,M
Nollie,M
Nolly,M
Norbert,M
Norbie,M
Norby,M
Norman,M
Normand,M
Normie,M
Normy,M
Norrie,M
Norris,M
Norry,M
North,M
Northrop,M
Northrup,M
Norton,M
Nowell,M
Nye,M
Oates,M
Obadiah,M
Obadias,M
Obed,M
Obediah,M
Oberon,M
Obidiah,M
Obie,M
Oby,M
Octavius,M
Ode,M
Odell,M
Odey,M
Odie,M
Odo,M
Ody,M
Ogdan,M
Ogden,M
Ogdon,M
Olag,M
Olav,M
Ole,M
Olenolin,M
Olin,M
Oliver,M
Olivero,M
Olivier,M
Oliviero,M
Ollie,M
Olly,M
Olvan,M
Omar,M
Omero,M
Onfre,M
Onfroi,M
Onofredo,M
Oran,M
Orazio,M
Orbadiah,M
Oren,M
Orin,M
Orion,M
Orlan,M
Orland,M
Orlando,M
Orran,M
Orren,M
Orrin,M
Orson,M
Orton,M
Orv,M
Orville,M
Osbert,M
Osborn,M
Osborne,M
Osbourn,M
Osbourne,M
Osgood,M
Osmond,M
Osmund,M
Ossie,M
Oswald,M
Oswell,M
Otes,M
Othello,M
Otho,M
Otis,M
Otto,M
Owen,M
Ozzie,M
Ozzy,M
Pablo,M
Pace,M
Packston,M
Paco,M
Pacorro,M
Paddie,M
Paddy,M
Padget,M
Padgett,M
Padraic,M
Padraig,M
Padriac,M
Page,M
Paige,M
Pail,M
Pall,M
Palm,M
Palmer,M
Panchito,M
Pancho,M
Paolo,M
Papageno,M
Paquito,M
Park,M
Parke,M
Parker,M
Parnell,M
Parrnell,M
Parry,M
Parsifal,M
Pascal,M
Pascale,M
Pasquale,M
Pat,M
Pate,M
Paten,M
Patin,M
Paton,M
Patric,M
Patrice,M
Patricio,M
Patrick,M
Patrizio,M
Patrizius,M
Patsy,M
Patten,M
Pattie,M
Pattin,M
Patton,M
Patty,M
Paul,M
Paulie,M
Paulo,M
Pauly,M
Pavel,M
Pavlov,M
Paxon,M
Paxton,M
Payton,M
Peadar,M
Pearce,M
Pebrook,M
Peder,M
Pedro,M
Peirce,M
Pembroke,M
Pen,M
Penn,M
Pennie,M
Penny,M
Penrod,M
Pepe,M
Pepillo,M
Pepito,M
Perceval,M
Percival,M
Percy,M
Perice,M
Perkin,M
Pernell,M
Perren,M
Perry,M
Pete,M
Peter,M
Peterus,M
Petey,M
Petr,M
Peyter,M
Peyton,M
Phil,M
Philbert,M
Philip,M
Phillip,M
Phillipe,M
Phillipp,M
Phineas,M
Phip,M
Pierce,M
Pierre,M
Pierson,M
Pieter,M
Pietrek,M
Pietro,M
Piggy,M
Pincas,M
Pinchas,M
Pincus,M
Piotr,M
Pip,M
Pippo,M
Pooh,M
Port,M
Porter,M
Portie,M
Porty,M
Poul,M
Powell,M
Pren,M
Prent,M
Prentice,M
Prentiss,M
Prescott,M
Preston,M
Price,M
Prince,M
Prinz,M
Pryce,M
Puff,M
Purcell,M
Putnam,M
Putnem,M
Pyotr,M
Quent,M
Quentin,M
Quill,M
Quillan,M
Quincey,M
Quincy,M
Quinlan,M
Quinn,M
Quint,M
Quintin,M
Quinton,M
Quintus,M
Rab,M
Rabbi,M
Rabi,M
Rad,M
Radcliffe,M
Raddie,M
Raddy,M
Rafael,M
Rafaellle,M
Rafaello,M
Rafe,M
Raff,M
Raffaello,M
Raffarty,M
Rafferty,M
Rafi,M
Ragnar,M
Raimondo,M
Raimund,M
Raimundo,M
Rainer,M
Raleigh,M
Ralf,M
Ralph,M
Ram,M
Ramon,M
Ramsay,M
Ramsey,M
Rance,M
Rancell,M
Rand,M
Randal,M
Randall,M
Randell,M
Randi,M
Randie,M
Randolf,M
Randolph,M
Randy,M
Ransell,M
Ransom,M
Raoul,M
Raphael,M
Raul,M
Ravi,M
Ravid,M
Raviv,M
Rawley,M
Ray,M
Raymond,M
Raymund,M
Raynard,M
Rayner,M
Raynor,M
Read,M
Reade,M
Reagan,M
Reagen,M
Reamonn,M
Red,M
Redd,M
Redford,M
Reece,M
Reed,M
Rees,M
Reese,M
Reg,M
Regan,M
Regen,M
Reggie,M
Reggis,M
Reggy,M
Reginald,M
Reginauld,M
Reid,M
Reidar,M
Reider,M
Reilly,M
Reinald,M
Reinaldo,M
Reinaldos,M
Reinhard,M
Reinhold,M
Reinold,M
Reinwald,M
Rem,M
Remington,M
Remus,M
Renado,M
Renaldo,M
Renard,M
Renato,M
Renaud,M
Renault,M
Rene,M
Reube,M
Reuben,M
Reuven,M
Rex,M
Rey,M
Reynard,M
Reynold,M
Reynolds,M
Rhett,M
Rhys,M
Ric,M
Ricard,M
Ricardo,M
Riccardo,M
Rice,M
Rich,M
Richard,M
Richardo,M
Richart,M
Richie,M
Richmond,M
Richmound,M
Richy,M
Rick,M
Rickard,M
Rickert,M
Rickey,M
Ricki,M
Rickie,M
Ricky,M
Ricoriki,M
Rik,M
Rikki,M
Riley,M
Rinaldo,M
Ring,M
Ringo,M
Riobard,M
Riordan,M
Rip,M
Ripley,M
Ritchie,M
Roarke,M
Rob,M
Robb,M
Robbert,M
Robbie,M
Robby,M
Robers,M
Robert,M
Roberto,M
Robin,M
Robinet,M
Robinson,M
Rochester,M
Rock,M
Rockey,M
Rockie,M
Rockwell,M
Rocky,M
Rod,M
Rodd,M
Roddie,M
Roddy,M
Roderic,M
Roderich,M
Roderick,M
Roderigo,M
Rodge,M
Rodger,M
Rodney,M
Rodolfo,M
Rodolph,M
Rodolphe,M
Rodrick,M
Rodrigo,M
Rodrique,M
Rog,M
Roger,M
Rogerio,M
Rogers,M
Roi,M
Roland,M
Rolando,M
Roldan,M
Roley,M
Rolf,M
Rolfe,M
Rolland,M
Rollie,M
Rollin,M
Rollins,M
Rollo,M
Rolph,M
Roma,M
Romain,M
Roman,M
Romeo,M
Ron,M
Ronald,M
Ronnie,M
Ronny,M
Rooney,M
Roosevelt,M
Rorke,M
Rory,M
Rosco,M
Roscoe,M
Ross,M
Rossie,M
Rossy,M
Roth,M
Rourke,M
Rouvin,M
Rowan,M
Rowen,M
Rowland,M
Rowney,M
Roy,M
Royal,M
Royall,M
Royce,M
Rriocard,M
Rube,M
Ruben,M
Rubin,M
Ruby,M
Rudd,M
Ruddie,M
Ruddy,M
Rudie,M
Rudiger,M
Rudolf,M
Rudolfo,M
Rudolph,M
Rudy,M
Rudyard,M
Rufe,M
Rufus,M
Ruggiero,M
Rupert,M
Ruperto,M
Ruprecht,M
Rurik,M
Russ,M
Russell,M
Rustie,M
Rustin,M
Rusty,M
Rutger,M
Rutherford,M
Rutledge,M
Rutter,M
Ruttger,M
Ruy,M
Ryan,M
Ryley,M
Ryon,M
Ryun,M
Sal,M
Saleem,M
Salem,M
Salim,M
Salmon,M
Salomo,M
Salomon,M
Salomone,M
Salvador,M
Salvatore,M
Salvidor,M
Sam,M
Sammie,M
Sammy,M
Sampson,M
Samson,M
Samuel,M
Samuele,M
Sancho,M
Sander,M
Sanders,M
Sanderson,M
Sandor,M
Sandro,M
Sandy,M
Sanford,M
Sanson,M
Sansone,M
Sarge,M
Sargent,M
Sascha,M
Sasha,M
Saul,M
Sauncho,M
Saunder,M
Saunders,M
Saunderson,M
Saundra,M
Sauveur,M
Saw,M
Sawyer,M
Sawyere,M
Sax,M
Saxe,M
Saxon,M
Say,M
Sayer,M
Sayers,M
Sayre,M
Sayres,M
Scarface,M
Schuyler,M
Scot,M
Scott,M
Scotti,M
Scottie,M
Scotty,M
Seamus,M
Sean,M
Sebastian,M
Sebastiano,M
Sebastien,M
See,M
Selby,M
Selig,M
Serge,M
Sergeant,M
Sergei,M
Sergent,M
Sergio,M
Seth,M
Seumas,M
Seward,M
Seymour,M
Shadow,M
Shae,M
Shaine,M
Shalom,M
Shamus,M
Shanan,M
Shane,M
Shannan,M
Shannon,M
Shaughn,M
Shaun,M
Shaw,M
Shawn,M
Shay,M
Shayne,M
Shea,M
Sheff,M
Sheffie,M
Sheffield,M
Sheffy,M
Shelby,M
Shelden,M
Shell,M
Shelley,M
Shellysheldon,M
Shelton,M
Shem,M
Shep,M
Shepard,M
Shepherd,M
Sheppard,M
Shepperd,M
Sheridan,M
Sherlock,M
Sherlocke,M
Sherm,M
Sherman,M
Shermie,M
Shermy,M
Sherwin,M
Sherwood,M
Sherwynd,M
Sholom,M
Shurlock,M
Shurlocke,M
Shurwood,M
Si,M
Sibyl,M
Sid,M
Sidnee,M
Sidney,M
Siegfried,M
Siffre,M
Sig,M
Sigfrid,M
Sigfried,M
Sigismond,M
Sigismondo,M
Sigismund,M
Sigismundo,M
Sigmund,M
Sigvard,M
Silas,M
Silvain,M
Silvan,M
Silvano,M
Silvanus,M
Silvester,M
Silvio,M
Sim,M
Simeon,M
Simmonds,M
Simon,M
Simone,M
Sinclair,M
Sinclare,M
Siward,M
Skell,M
Skelly,M
Skip,M
Skipp,M
Skipper,M
Skippie,M
Skippy,M
Skipton,M
Sky,M
Skye,M
Skylar,M
Skyler,M
Slade,M
Sloan,M
Sloane,M
Sly,M
Smith,M
Smitty,M
Sol,M
Sollie,M
Solly,M
Solomon,M
Somerset,M
Son,M
Sonnie,M
Sonny,M
Spence,M
Spencer,M
Spense,M
Spenser,M
Spike,M
Stacee,M
Stacy,M
Staffard,M
Stafford,M
Staford,M
Stan,M
Standford,M
Stanfield,M
Stanford,M
Stanislas,M
Stanislaus,M
Stanislaw,M
Stanleigh,M
Stanley,M
Stanly,M
Stanton,M
Stanwood,M
Stavro,M
Stavros,M
Stearn,M
Stearne,M
Stefan,M
Stefano,M
Steffen,M
Stephan,M
Stephanus,M
Stephen,M
Sterling,M
Stern,M
Sterne,M
Steve,M
Steven,M
Stevie,M
Stevy,M
Steward,M
Stewart,M
Stillman,M
Stillmann,M
Stinky,M
Stirling,M
Stu,M
Stuart,M
Sullivan,M
Sully,M
Sumner,M
Sunny,M
Sutherlan,M
Sutherland,M
Sutton,M
Sven,M
Svend,M
Swen,M
Syd,M
Sydney,M
Sylas,M
Sylvan,M
Sylvester,M
Syman,M
Symon,M
Tab,M
Tabb,M
Tabbie,M
Tabby,M
Taber,M
Tabor,M
Tad,M
Tadd,M
Taddeo,M
Taddeusz,M
Tadeas,M
Tadeo,M
Tades,M
Tadio,M
Tailor,M
Tait,M
Taite,M
Talbert,M
Talbot,M
Tallie,M
Tally,M
Tam,M
Tamas,M
Tammie,M
Tammy,M
Tan,M
Tann,M
Tanner,M
Tanney,M
Tannie,M
Tanny,M
Tarrance,M
Tate,M
Taylor,M
Teador,M
Ted,M
Tedd,M
Teddie,M
Teddy,M
Tedie,M
Tedman,M
Tedmund,M
Temp,M
Temple,M
Templeton,M
Teodoor,M
Teodor,M
Teodorico,M
Teodoro,M
Terence,M
Terencio,M
Terrance,M
Terrel,M
Terrell,M
Terrence,M
Terri,M
Terrill,M
Terry,M
Thacher,M
Thaddeus,M
Thaddus,M
Thadeus,M
Thain,M
Thaine,M
Thane,M
Thatch,M
Thatcher,M
Thaxter,M
Thayne,M
Thebault,M
Thedric,M
Thedrick,M
Theo,M
Theobald,M
Theodor,M
Theodore,M
Theodoric,M
Thibaud,M
Thibaut,M
Thom,M
Thoma,M
Thomas,M
Thor,M
Thorin,M
Thorn,M
Thorndike,M
Thornie,M
Thornton,M
Thorny,M
Thorpe,M
Thorstein,M
Thorsten,M
Thorvald,M
Thurstan,M
Thurston,M
Tibold,M
Tiebold,M
Tiebout,M
Tiler,M
Tim,M
Timmie,M
Timmy,M
Timofei,M
Timoteo,M
Timothee,M
Timotheus,M
Timothy,M
Tirrell,M
Tito,M
Titos,M
Titus,M
Tobe,M
Tobiah,M
Tobias,M
Tobie,M
Tobin,M
Tobit,M
Toby,M
Tod,M
Todd,M
Toddie,M
Toddy,M
Toiboid,M
Tom,M
Tomas,M
Tomaso,M
Tome,M
Tomkin,M
Tomlin,M
Tommie,M
Tommy,M
Tonnie,M
Tony,M
Tore,M
Torey,M
Torin,M
Torr,M
Torrance,M
Torre,M
Torrence,M
Torrey,M
Torrin,M
Torry,M
Town,M
Towney,M
Townie,M
Townsend,M
Towny,M
Trace,M
Tracey,M
Tracie,M
Tracy,M
Traver,M
Travers,M
Travis,M
Travus,M
Trefor,M
Tremain,M
Tremaine,M
Tremayne,M
Trent,M
Trenton,M
Trev,M
Trevar,M
Trever,M
Trevor,M
Trey,M
Trip,M
Tripp,M
Tris,M
Tristam,M
Tristan,M
Troy,M
Trstram,M
Trueman,M
Trumaine,M
Truman,M
Trumann,M
Tuck,M
Tucker,M
Tuckie,M
Tucky,M
Tudor,M
Tull,M
Tulley,M
Tully,M
Turner,M
Ty,M
Tybalt,M
Tye,M
Tyler,M
Tymon,M
Tymothy,M
Tynan,M
Tyrone,M
Tyrus,M
Tyson,M
Udale,M
Udall,M
Udell,M
Ugo,M
Ulberto,M
Ulick,M
Ulises,M
Ulric,M
Ulrich,M
Ulrick,M
Ulysses,M
Umberto,M
Upton,M
Urbain,M
Urban,M
Urbano,M
Urbanus,M
Uri,M
Uriah,M
Uriel,M
Urson,M
Vachel,M
Vaclav,M
Vail,M
Val,M
Valdemar,M
Vale,M
Valentijn,M
Valentin,M
Valentine,M
Valentino,M
Valle,M
Van,M
Vance,M
Vanya,M
Vasili,M
Vasilis,M
Vasily,M
Vassili,M
Vassily,M
Vaughan,M
Vaughn,M
Verge,M
Vergil,M
Vern,M
Verne,M
Vernen,M
Verney,M
Vernon,M
Vernor,M
Vic,M
Vick,M
Victoir,M
Victor,M
Vidovic,M
Vidovik,M
Vin,M
Vince,M
Vincent,M
Vincents,M
Vincenty,M
Vincenz,M
Vinnie,M
Vinny,M
Vinson,M
Virge,M
Virgie,M
Virgil,M
Virgilio,M
Vite,M
Vito,M
Vittorio,M
Vlad,M
Vladamir,M
Vladimir,M
Von,M
Wade,M
Wadsworth,M
Wain,M
Wainwright,M
Wait,M
Waite,M
Waiter,M
Wake,M
Wakefield,M
Wald,M
Waldemar,M
Walden,M
Waldo,M
Waldon,M
Walker,M
Wallace,M
Wallache,M
Wallas,M
Wallie,M
Wallis,M
Wally,M
Walsh,M
Walt,M
Walther,M
Walton,M
Wang,M
Ward,M
Warde,M
Warden,M
Ware,M
Waring,M
Warner,M
Warren,M
Wash,M
Washington,M
Wat,M
Waverley,M
Waverly,M
Way,M
Waylan,M
Wayland,M
Waylen,M
Waylin,M
Waylon,M
Wayne,M
Web,M
Webb,M
Weber,M
Webster,M
Weidar,M
Weider,M
Welbie,M
Welby,M
Welch,M
Wells,M
Welsh,M
Wendall,M
Wendel,M
Wendell,M
Werner,M
Wernher,M
Wes,M
Wesley,M
West,M
Westbrook,M
Westbrooke,M
Westleigh,M
Westley,M
Weston,M
Weylin,M
Wheeler,M
Whit,M
Whitaker,M
Whitby,M
Whitman,M
Whitney,M
Whittaker,M
Wiatt,M
Wilbert,M
Wilbur,M
Wilburt,M
Wilden,M
Wildon,M
Wilek,M
Wiley,M
Wilfred,M
Wilfrid,M
Wilhelm,M
Will,M
Willard,M
Willdon,M
Willem,M
Willey,M
Willi,M
William,M
Willie,M
Willis,M
Willy,M
Wilmar,M
Wilmer,M
Wilt,M
Wilton,M
Win,M
Windham,M
Winfield,M
Winfred,M
Winifield,M
Winn,M
Winnie,M
Winny,M
Winslow,M
Winston,M
Winthrop,M
Wit,M
Wittie,M
Witty,M
Wolf,M
Wolfgang,M
Wolfie,M
Wolfy,M
Wood,M
Woodie,M
Woodman,M
Woodrow,M
Woody,M
Worden,M
Worth,M
Worthington,M
Worthy,M
Wright,M
Wyatan,M
Wyatt,M
Wye,M
Wylie,M
Wyn,M
Wyndham,M
Wynn,M
Xavier,M
Xenos,M
Xerxes,M
Xever,M
Ximenes,M
Ximenez,M
Xymenes,M
Yale,M
Yanaton,M
Yance,M
Yancey,M
Yancy,M
Yank,M
Yankee,M
Yard,M
Yardley,M
Yehudi,M
Yehudit,M
Yorgo,M
Yorgos,M
York,M
Yorke,M
Yorker,M
Yul,M
Yule,M
Yulma,M
Yuma,M
Yuri,M
Yurik,M
Yves,M
Yvon,M
Yvor,M
Zaccaria,M
Zach,M
Zacharia,M
Zachariah,M
Zacharias,M
Zacharie,M
Zachary,M
Zacherie,M
Zachery,M
Zack,M
Zackariah,M
Zak,M
Zane,M
Zared,M
Zeb,M
Zebadiah,M
Zebedee,M
Zebulen,M
Zebulon,M
Zechariah,M
Zed,M
Zedekiah,M
Zeke,M
Zelig,M
Zerk,M
Zollie,M
Zolly,M
